Date,State,Type,Cases
3/17/20,Alabama,Confirmed,39
3/17/20,Alabama,Deaths,0
3/17/20,Alabama,Serious,
3/17/20,Alabama,Critical,
3/17/20,Alabama,Recovered,
3/18/20,Alabama,Confirmed,51
3/18/20,Alabama,Deaths,0
3/18/20,Alabama,Serious,
3/18/20,Alabama,Critical,
3/18/20,Alabama,Recovered,
3/19/2020,Alabama,Confirmed,78
3/19/2020,Alabama,Deaths,0
3/19/2020,Alabama,Serious,
3/19/2020,Alabama,Critical,
3/19/2020,Alabama,Recovered,
3/20/2020,Alabama,Confirmed,106
3/20/2020,Alabama,Deaths,0
3/20/2020,Alabama,Serious,
3/20/2020,Alabama,Critical,
3/20/2020,Alabama,Recovered,
3/21/2020,Alabama,Confirmed,131
3/21/2020,Alabama,Deaths,0
3/21/2020,Alabama,Serious,
3/21/2020,Alabama,Critical,
3/21/2020,Alabama,Recovered,
3/22/2020,Alabama,Confirmed,131
3/22/2020,Alabama,Deaths,0
3/22/2020,Alabama,Serious,
3/22/2020,Alabama,Critical,
3/22/2020,Alabama,Recovered,
3/17/20,Alaska,Confirmed,3
3/17/20,Alaska,Deaths,0
3/17/20,Alaska,Serious,
3/17/20,Alaska,Critical,
3/17/20,Alaska,Recovered,
3/18/20,Alaska,Confirmed,6
3/18/20,Alaska,Deaths,0
3/18/20,Alaska,Serious,
3/18/20,Alaska,Critical,
3/18/20,Alaska,Recovered,
3/19/2020,Alaska,Confirmed,6
3/19/2020,Alaska,Deaths,0
3/19/2020,Alaska,Serious,
3/19/2020,Alaska,Critical,
3/19/2020,Alaska,Recovered,
3/20/2020,Alaska,Confirmed,12
3/20/2020,Alaska,Deaths,0
3/20/2020,Alaska,Serious,
3/20/2020,Alaska,Critical,
3/20/2020,Alaska,Recovered,
3/21/2020,Alaska,Confirmed,14
3/21/2020,Alaska,Deaths,0
3/21/2020,Alaska,Serious,
3/21/2020,Alaska,Critical,
3/21/2020,Alaska,Recovered,
3/22/2020,Alaska,Confirmed,14
3/22/2020,Alaska,Deaths,0
3/22/2020,Alaska,Serious,
3/22/2020,Alaska,Critical,
3/22/2020,Alaska,Recovered,
3/17/20,American Samoa,Confirmed,0
3/17/20,American Samoa,Deaths,0
3/17/20,American Samoa,Serious,
3/17/20,American Samoa,Critical,
3/17/20,American Samoa,Recovered,
3/18/20,American Samoa,Confirmed,0
3/18/20,American Samoa,Deaths,0
3/18/20,American Samoa,Serious,
3/18/20,American Samoa,Critical,
3/18/20,American Samoa,Recovered,
3/19/2020,American Samoa,Confirmed,0
3/19/2020,American Samoa,Deaths,0
3/19/2020,American Samoa,Serious,
3/19/2020,American Samoa,Critical,
3/19/2020,American Samoa,Recovered,
3/20/2020,American Samoa,Confirmed,0
3/20/2020,American Samoa,Deaths,0
3/20/2020,American Samoa,Serious,
3/20/2020,American Samoa,Critical,
3/20/2020,American Samoa,Recovered,
3/21/2020,American Samoa,Confirmed,0
3/21/2020,American Samoa,Deaths,0
3/21/2020,American Samoa,Serious,
3/21/2020,American Samoa,Critical,
3/21/2020,American Samoa,Recovered,
3/22/2020,American Samoa,Confirmed,0
3/22/2020,American Samoa,Deaths,0
3/22/2020,American Samoa,Serious,
3/22/2020,American Samoa,Critical,
3/22/2020,American Samoa,Recovered,
3/17/20,Arizona,Confirmed,20
3/17/20,Arizona,Deaths,0
3/17/20,Arizona,Serious,
3/17/20,Arizona,Critical,
3/17/20,Arizona,Recovered,1
3/18/20,Arizona,Confirmed,27
3/18/20,Arizona,Deaths,0
3/18/20,Arizona,Serious,
3/18/20,Arizona,Critical,
3/18/20,Arizona,Recovered,1
3/19/2020,Arizona,Confirmed,28
3/19/2020,Arizona,Deaths,0
3/19/2020,Arizona,Serious,
3/19/2020,Arizona,Critical,
3/19/2020,Arizona,Recovered,1
3/20/2020,Arizona,Confirmed,63
3/20/2020,Arizona,Deaths,0
3/20/2020,Arizona,Serious,
3/20/2020,Arizona,Critical,
3/20/2020,Arizona,Recovered,1
3/21/2020,Arizona,Confirmed,104
3/21/2020,Arizona,Deaths,1
3/21/2020,Arizona,Serious,
3/21/2020,Arizona,Critical,
3/21/2020,Arizona,Recovered,1
3/22/2020,Arizona,Confirmed,104
3/22/2020,Arizona,Deaths,1
3/22/2020,Arizona,Serious,
3/22/2020,Arizona,Critical,
3/22/2020,Arizona,Recovered,1
3/17/20,Arkansas,Confirmed,22
3/17/20,Arkansas,Deaths,0
3/17/20,Arkansas,Serious,
3/17/20,Arkansas,Critical,
3/17/20,Arkansas,Recovered,
3/18/20,Arkansas,Confirmed,22
3/18/20,Arkansas,Deaths,0
3/18/20,Arkansas,Serious,
3/18/20,Arkansas,Critical,
3/18/20,Arkansas,Recovered,
3/19/2020,Arkansas,Confirmed,62
3/19/2020,Arkansas,Deaths,0
3/19/2020,Arkansas,Serious,
3/19/2020,Arkansas,Critical,
3/19/2020,Arkansas,Recovered,
3/20/2020,Arkansas,Confirmed,100
3/20/2020,Arkansas,Deaths,0
3/20/2020,Arkansas,Serious,
3/20/2020,Arkansas,Critical,
3/20/2020,Arkansas,Recovered,
3/21/2020,Arkansas,Confirmed,118
3/21/2020,Arkansas,Deaths,0
3/21/2020,Arkansas,Serious,
3/21/2020,Arkansas,Critical,
3/21/2020,Arkansas,Recovered,
3/22/2020,Arkansas,Confirmed,118
3/22/2020,Arkansas,Deaths,0
3/22/2020,Arkansas,Serious,
3/22/2020,Arkansas,Critical,
3/22/2020,Arkansas,Recovered,
3/17/20,California,Confirmed,636
3/17/20,California,Deaths,11
3/17/20,California,Serious,
3/17/20,California,Critical,1
3/17/20,California,Recovered,1
3/18/20,California,Confirmed,723
3/18/20,California,Deaths,13
3/18/20,California,Serious,
3/18/20,California,Critical,1
3/18/20,California,Recovered,1
3/19/2020,California,Confirmed,958
3/19/2020,California,Deaths,19
3/19/2020,California,Serious,
3/19/2020,California,Critical,1
3/19/2020,California,Recovered,1
3/20/2020,California,Confirmed,1194
3/20/2020,California,Deaths,23
3/20/2020,California,Serious,
3/20/2020,California,Critical,1
3/20/2020,California,Recovered,1
3/21/2020,California,Confirmed,1483
3/21/2020,California,Deaths,27
3/21/2020,California,Serious,
3/21/2020,California,Critical,1
3/21/2020,California,Recovered,1
3/22/2020,California,Confirmed,1497
3/22/2020,California,Deaths,27
3/22/2020,California,Serious,
3/22/2020,California,Critical,1
3/22/2020,California,Recovered,1
3/17/20,Colorado,Confirmed,183
3/17/20,Colorado,Deaths,2
3/17/20,Colorado,Serious,
3/17/20,Colorado,Critical,
3/17/20,Colorado,Recovered,
3/18/20,Colorado,Confirmed,216
3/18/20,Colorado,Deaths,2
3/18/20,Colorado,Serious,
3/18/20,Colorado,Critical,
3/18/20,Colorado,Recovered,
3/19/2020,Colorado,Confirmed,277
3/19/2020,Colorado,Deaths,2
3/19/2020,Colorado,Serious,
3/19/2020,Colorado,Critical,
3/19/2020,Colorado,Recovered,
3/20/2020,Colorado,Confirmed,277
3/20/2020,Colorado,Deaths,3
3/20/2020,Colorado,Serious,
3/20/2020,Colorado,Critical,
3/20/2020,Colorado,Recovered,
3/21/2020,Colorado,Confirmed,363
3/21/2020,Colorado,Deaths,5
3/21/2020,Colorado,Serious,
3/21/2020,Colorado,Critical,
3/21/2020,Colorado,Recovered,
3/22/2020,Colorado,Confirmed,363
3/22/2020,Colorado,Deaths,5
3/22/2020,Colorado,Serious,
3/22/2020,Colorado,Critical,
3/22/2020,Colorado,Recovered,
3/17/20,Connecticut,Confirmed,68
3/17/20,Connecticut,Deaths,0
3/17/20,Connecticut,Serious,
3/17/20,Connecticut,Critical,
3/17/20,Connecticut,Recovered,
3/18/20,Connecticut,Confirmed,96
3/18/20,Connecticut,Deaths,1
3/18/20,Connecticut,Serious,
3/18/20,Connecticut,Critical,
3/18/20,Connecticut,Recovered,
3/19/2020,Connecticut,Confirmed,159
3/19/2020,Connecticut,Deaths,2
3/19/2020,Connecticut,Serious,
3/19/2020,Connecticut,Critical,
3/19/2020,Connecticut,Recovered,
3/20/2020,Connecticut,Confirmed,194
3/20/2020,Connecticut,Deaths,4
3/20/2020,Connecticut,Serious,
3/20/2020,Connecticut,Critical,
3/20/2020,Connecticut,Recovered,
3/21/2020,Connecticut,Confirmed,223
3/21/2020,Connecticut,Deaths,4
3/21/2020,Connecticut,Serious,
3/21/2020,Connecticut,Critical,
3/21/2020,Connecticut,Recovered,
3/22/2020,Connecticut,Confirmed,223
3/22/2020,Connecticut,Deaths,4
3/22/2020,Connecticut,Serious,
3/22/2020,Connecticut,Critical,
3/22/2020,Connecticut,Recovered,
3/17/20,Delaware,Confirmed,16
3/17/20,Delaware,Deaths,0
3/17/20,Delaware,Serious,
3/17/20,Delaware,Critical,
3/17/20,Delaware,Recovered,
3/18/20,Delaware,Confirmed,16
3/18/20,Delaware,Deaths,0
3/18/20,Delaware,Serious,
3/18/20,Delaware,Critical,
3/18/20,Delaware,Recovered,
3/19/2020,Delaware,Confirmed,30
3/19/2020,Delaware,Deaths,0
3/19/2020,Delaware,Serious,
3/19/2020,Delaware,Critical,
3/19/2020,Delaware,Recovered,
3/20/2020,Delaware,Confirmed,39
3/20/2020,Delaware,Deaths,0
3/20/2020,Delaware,Serious,
3/20/2020,Delaware,Critical,
3/20/2020,Delaware,Recovered,
3/21/2020,Delaware,Confirmed,45
3/21/2020,Delaware,Deaths,0
3/21/2020,Delaware,Serious,
3/21/2020,Delaware,Critical,
3/21/2020,Delaware,Recovered,
3/22/2020,Delaware,Confirmed,45
3/22/2020,Delaware,Deaths,0
3/22/2020,Delaware,Serious,
3/22/2020,Delaware,Critical,
3/22/2020,Delaware,Recovered,
3/17/20,Diamond Princess (repatriated),Confirmed,46
3/17/20,Diamond Princess (repatriated),Deaths,0
3/17/20,Diamond Princess (repatriated),Serious,
3/17/20,Diamond Princess (repatriated),Critical,
3/17/20,Diamond Princess (repatriated),Recovered,2
3/18/20,Diamond Princess (repatriated),Confirmed,46
3/18/20,Diamond Princess (repatriated),Deaths,0
3/18/20,Diamond Princess (repatriated),Serious,
3/18/20,Diamond Princess (repatriated),Critical,
3/18/20,Diamond Princess (repatriated),Recovered,2
3/19/2020,Diamond Princess (repatriated),Confirmed,46
3/19/2020,Diamond Princess (repatriated),Deaths,0
3/19/2020,Diamond Princess (repatriated),Serious,
3/19/2020,Diamond Princess (repatriated),Critical,
3/19/2020,Diamond Princess (repatriated),Recovered,2
3/20/2020,Diamond Princess (repatriated),Confirmed,46
3/20/2020,Diamond Princess (repatriated),Deaths,0
3/20/2020,Diamond Princess (repatriated),Serious,
3/20/2020,Diamond Princess (repatriated),Critical,
3/20/2020,Diamond Princess (repatriated),Recovered,2
3/21/2020,Diamond Princess (repatriated),Confirmed,46
3/21/2020,Diamond Princess (repatriated),Deaths,0
3/21/2020,Diamond Princess (repatriated),Serious,
3/21/2020,Diamond Princess (repatriated),Critical,
3/21/2020,Diamond Princess (repatriated),Recovered,2
3/22/2020,Diamond Princess (repatriated),Confirmed,46
3/22/2020,Diamond Princess (repatriated),Deaths,0
3/22/2020,Diamond Princess (repatriated),Serious,
3/22/2020,Diamond Princess (repatriated),Critical,
3/22/2020,Diamond Princess (repatriated),Recovered,2
3/17/20,District of Columbia,Confirmed,31
3/17/20,District of Columbia,Deaths,0
3/17/20,District of Columbia,Serious,
3/17/20,District of Columbia,Critical,
3/17/20,District of Columbia,Recovered,
3/18/20,District of Columbia,Confirmed,31
3/18/20,District of Columbia,Deaths,0
3/18/20,District of Columbia,Serious,
3/18/20,District of Columbia,Critical,
3/18/20,District of Columbia,Recovered,
3/19/2020,District of Columbia,Confirmed,39
3/19/2020,District of Columbia,Deaths,0
3/19/2020,District of Columbia,Serious,
3/19/2020,District of Columbia,Critical,
3/19/2020,District of Columbia,Recovered,
3/20/2020,District of Columbia,Confirmed,77
3/20/2020,District of Columbia,Deaths,1
3/20/2020,District of Columbia,Serious,
3/20/2020,District of Columbia,Critical,
3/20/2020,District of Columbia,Recovered,
3/21/2020,District of Columbia,Confirmed,98
3/21/2020,District of Columbia,Deaths,1
3/21/2020,District of Columbia,Serious,
3/21/2020,District of Columbia,Critical,
3/21/2020,District of Columbia,Recovered,
3/22/2020,District of Columbia,Confirmed,98
3/22/2020,District of Columbia,Deaths,1
3/22/2020,District of Columbia,Serious,
3/22/2020,District of Columbia,Critical,
3/22/2020,District of Columbia,Recovered,
3/17/20,Florida,Confirmed,216
3/17/20,Florida,Deaths,7
3/17/20,Florida,Serious,
3/17/20,Florida,Critical,
3/17/20,Florida,Recovered,
3/18/20,Florida,Confirmed,314
3/18/20,Florida,Deaths,7
3/18/20,Florida,Serious,
3/18/20,Florida,Critical,
3/18/20,Florida,Recovered,
3/19/2020,Florida,Confirmed,432
3/19/2020,Florida,Deaths,9
3/19/2020,Florida,Serious,
3/19/2020,Florida,Critical,
3/19/2020,Florida,Recovered,
3/20/2020,Florida,Confirmed,563
3/20/2020,Florida,Deaths,11
3/20/2020,Florida,Serious,
3/20/2020,Florida,Critical,
3/20/2020,Florida,Recovered,
3/21/2020,Florida,Confirmed,763
3/21/2020,Florida,Deaths,12
3/21/2020,Florida,Serious,
3/21/2020,Florida,Critical,
3/21/2020,Florida,Recovered,
3/22/2020,Florida,Confirmed,763
3/22/2020,Florida,Deaths,12
3/22/2020,Florida,Serious,
3/22/2020,Florida,Critical,
3/22/2020,Florida,Recovered,
3/17/20,Georgia,Confirmed,146
3/17/20,Georgia,Deaths,1
3/17/20,Georgia,Serious,
3/17/20,Georgia,Critical,
3/17/20,Georgia,Recovered,
3/18/20,Georgia,Confirmed,197
3/18/20,Georgia,Deaths,3
3/18/20,Georgia,Serious,
3/18/20,Georgia,Critical,
3/18/20,Georgia,Recovered,
3/19/2020,Georgia,Confirmed,197
3/19/2020,Georgia,Deaths,4
3/19/2020,Georgia,Serious,
3/19/2020,Georgia,Critical,
3/19/2020,Georgia,Recovered,
3/20/2020,Georgia,Confirmed,485
3/20/2020,Georgia,Deaths,14
3/20/2020,Georgia,Serious,
3/20/2020,Georgia,Critical,
3/20/2020,Georgia,Recovered,
3/21/2020,Georgia,Confirmed,555
3/21/2020,Georgia,Deaths,20
3/21/2020,Georgia,Serious,
3/21/2020,Georgia,Critical,
3/21/2020,Georgia,Recovered,
3/22/2020,Georgia,Confirmed,555
3/22/2020,Georgia,Deaths,20
3/22/2020,Georgia,Serious,
3/22/2020,Georgia,Critical,
3/22/2020,Georgia,Recovered,
3/17/20,Grand Princess,Confirmed,21
3/17/20,Grand Princess,Deaths,0
3/17/20,Grand Princess,Serious,
3/17/20,Grand Princess,Critical,
3/17/20,Grand Princess,Recovered,
3/18/20,Grand Princess,Confirmed,21
3/18/20,Grand Princess,Deaths,0
3/18/20,Grand Princess,Serious,
3/18/20,Grand Princess,Critical,
3/18/20,Grand Princess,Recovered,
3/19/2020,Grand Princess,Confirmed,21
3/19/2020,Grand Princess,Deaths,0
3/19/2020,Grand Princess,Serious,
3/19/2020,Grand Princess,Critical,
3/19/2020,Grand Princess,Recovered,
3/20/2020,Grand Princess,Confirmed,21
3/20/2020,Grand Princess,Deaths,0
3/20/2020,Grand Princess,Serious,
3/20/2020,Grand Princess,Critical,
3/20/2020,Grand Princess,Recovered,
3/21/2020,Grand Princess,Confirmed,21
3/21/2020,Grand Princess,Deaths,0
3/21/2020,Grand Princess,Serious,
3/21/2020,Grand Princess,Critical,
3/21/2020,Grand Princess,Recovered,
3/22/2020,Grand Princess,Confirmed,21
3/22/2020,Grand Princess,Deaths,0
3/22/2020,Grand Princess,Serious,
3/22/2020,Grand Princess,Critical,
3/22/2020,Grand Princess,Recovered,
3/17/20,Guam,Confirmed,5
3/17/20,Guam,Deaths,0
3/17/20,Guam,Serious,
3/17/20,Guam,Critical,
3/17/20,Guam,Recovered,
3/18/20,Guam,Confirmed,8
3/18/20,Guam,Deaths,0
3/18/20,Guam,Serious,
3/18/20,Guam,Critical,
3/18/20,Guam,Recovered,
3/19/2020,Guam,Confirmed,12
3/19/2020,Guam,Deaths,0
3/19/2020,Guam,Serious,
3/19/2020,Guam,Critical,
3/19/2020,Guam,Recovered,
3/20/2020,Guam,Confirmed,14
3/20/2020,Guam,Deaths,0
3/20/2020,Guam,Serious,
3/20/2020,Guam,Critical,
3/20/2020,Guam,Recovered,
3/21/2020,Guam,Confirmed,15
3/21/2020,Guam,Deaths,1
3/21/2020,Guam,Serious,
3/21/2020,Guam,Critical,
3/21/2020,Guam,Recovered,
3/22/2020,Guam,Confirmed,15
3/22/2020,Guam,Deaths,1
3/22/2020,Guam,Serious,
3/22/2020,Guam,Critical,
3/22/2020,Guam,Recovered,
3/17/20,Hawaii,Confirmed,14
3/17/20,Hawaii,Deaths,0
3/17/20,Hawaii,Serious,
3/17/20,Hawaii,Critical,
3/17/20,Hawaii,Recovered,
3/18/20,Hawaii,Confirmed,16
3/18/20,Hawaii,Deaths,0
3/18/20,Hawaii,Serious,
3/18/20,Hawaii,Critical,
3/18/20,Hawaii,Recovered,
3/19/2020,Hawaii,Confirmed,26
3/19/2020,Hawaii,Deaths,0
3/19/2020,Hawaii,Serious,
3/19/2020,Hawaii,Critical,
3/19/2020,Hawaii,Recovered,
3/20/2020,Hawaii,Confirmed,37
3/20/2020,Hawaii,Deaths,0
3/20/2020,Hawaii,Serious,
3/20/2020,Hawaii,Critical,
3/20/2020,Hawaii,Recovered,
3/21/2020,Hawaii,Confirmed,48
3/21/2020,Hawaii,Deaths,0
3/21/2020,Hawaii,Serious,
3/21/2020,Hawaii,Critical,
3/21/2020,Hawaii,Recovered,
3/22/2020,Hawaii,Confirmed,48
3/22/2020,Hawaii,Deaths,0
3/22/2020,Hawaii,Serious,
3/22/2020,Hawaii,Critical,
3/22/2020,Hawaii,Recovered,
3/17/20,Idaho,Confirmed,9
3/17/20,Idaho,Deaths,0
3/17/20,Idaho,Serious,
3/17/20,Idaho,Critical,
3/17/20,Idaho,Recovered,
3/18/20,Idaho,Confirmed,9
3/18/20,Idaho,Deaths,0
3/18/20,Idaho,Serious,
3/18/20,Idaho,Critical,
3/18/20,Idaho,Recovered,
3/19/2020,Idaho,Confirmed,23
3/19/2020,Idaho,Deaths,0
3/19/2020,Idaho,Serious,
3/19/2020,Idaho,Critical,
3/19/2020,Idaho,Recovered,
3/20/2020,Idaho,Confirmed,31
3/20/2020,Idaho,Deaths,0
3/20/2020,Idaho,Serious,
3/20/2020,Idaho,Critical,
3/20/2020,Idaho,Recovered,
3/21/2020,Idaho,Confirmed,42
3/21/2020,Idaho,Deaths,0
3/21/2020,Idaho,Serious,
3/21/2020,Idaho,Critical,
3/21/2020,Idaho,Recovered,
3/22/2020,Idaho,Confirmed,42
3/22/2020,Idaho,Deaths,0
3/22/2020,Idaho,Serious,
3/22/2020,Idaho,Critical,
3/22/2020,Idaho,Recovered,
3/17/20,Illinois,Confirmed,160
3/17/20,Illinois,Deaths,1
3/17/20,Illinois,Serious,
3/17/20,Illinois,Critical,
3/17/20,Illinois,Recovered,2
3/18/20,Illinois,Confirmed,288
3/18/20,Illinois,Deaths,1
3/18/20,Illinois,Serious,
3/18/20,Illinois,Critical,
3/18/20,Illinois,Recovered,2
3/19/2020,Illinois,Confirmed,422
3/19/2020,Illinois,Deaths,4
3/19/2020,Illinois,Serious,
3/19/2020,Illinois,Critical,
3/19/2020,Illinois,Recovered,2
3/20/2020,Illinois,Confirmed,585
3/20/2020,Illinois,Deaths,5
3/20/2020,Illinois,Serious,
3/20/2020,Illinois,Critical,
3/20/2020,Illinois,Recovered,2
3/21/2020,Illinois,Confirmed,753
3/21/2020,Illinois,Deaths,6
3/21/2020,Illinois,Serious,
3/21/2020,Illinois,Critical,
3/21/2020,Illinois,Recovered,2
3/22/2020,Illinois,Confirmed,753
3/22/2020,Illinois,Deaths,6
3/22/2020,Illinois,Serious,
3/22/2020,Illinois,Critical,
3/22/2020,Illinois,Recovered,2
3/17/20,Indiana,Confirmed,30
3/17/20,Indiana,Deaths,2
3/17/20,Indiana,Serious,
3/17/20,Indiana,Critical,
3/17/20,Indiana,Recovered,
3/18/20,Indiana,Confirmed,30
3/18/20,Indiana,Deaths,2
3/18/20,Indiana,Serious,
3/18/20,Indiana,Critical,
3/18/20,Indiana,Recovered,
3/19/2020,Indiana,Confirmed,56
3/19/2020,Indiana,Deaths,2
3/19/2020,Indiana,Serious,
3/19/2020,Indiana,Critical,
3/19/2020,Indiana,Recovered,
3/20/2020,Indiana,Confirmed,79
3/20/2020,Indiana,Deaths,3
3/20/2020,Indiana,Serious,
3/20/2020,Indiana,Critical,
3/20/2020,Indiana,Recovered,
3/21/2020,Indiana,Confirmed,126
3/21/2020,Indiana,Deaths,4
3/21/2020,Indiana,Serious,
3/21/2020,Indiana,Critical,
3/21/2020,Indiana,Recovered,
3/22/2020,Indiana,Confirmed,126
3/22/2020,Indiana,Deaths,4
3/22/2020,Indiana,Serious,
3/22/2020,Indiana,Critical,
3/22/2020,Indiana,Recovered,
3/17/20,Iowa,Confirmed,29
3/17/20,Iowa,Deaths,0
3/17/20,Iowa,Serious,
3/17/20,Iowa,Critical,
3/17/20,Iowa,Recovered,
3/18/20,Iowa,Confirmed,29
3/18/20,Iowa,Deaths,0
3/18/20,Iowa,Serious,
3/18/20,Iowa,Critical,
3/18/20,Iowa,Recovered,
3/19/2020,Iowa,Confirmed,44
3/19/2020,Iowa,Deaths,0
3/19/2020,Iowa,Serious,
3/19/2020,Iowa,Critical,
3/19/2020,Iowa,Recovered,
3/20/2020,Iowa,Confirmed,45
3/20/2020,Iowa,Deaths,0
3/20/2020,Iowa,Serious,
3/20/2020,Iowa,Critical,
3/20/2020,Iowa,Recovered,
3/21/2020,Iowa,Confirmed,68
3/21/2020,Iowa,Deaths,0
3/21/2020,Iowa,Serious,
3/21/2020,Iowa,Critical,
3/21/2020,Iowa,Recovered,
3/22/2020,Iowa,Confirmed,68
3/22/2020,Iowa,Deaths,0
3/22/2020,Iowa,Serious,
3/22/2020,Iowa,Critical,
3/22/2020,Iowa,Recovered,
3/17/20,Kansas,Confirmed,16
3/17/20,Kansas,Deaths,1
3/17/20,Kansas,Serious,
3/17/20,Kansas,Critical,
3/17/20,Kansas,Recovered,
3/18/20,Kansas,Confirmed,16
3/18/20,Kansas,Deaths,1
3/18/20,Kansas,Serious,
3/18/20,Kansas,Critical,
3/18/20,Kansas,Recovered,
3/19/2020,Kansas,Confirmed,34
3/19/2020,Kansas,Deaths,1
3/19/2020,Kansas,Serious,
3/19/2020,Kansas,Critical,
3/19/2020,Kansas,Recovered,
3/20/2020,Kansas,Confirmed,44
3/20/2020,Kansas,Deaths,1
3/20/2020,Kansas,Serious,
3/20/2020,Kansas,Critical,
3/20/2020,Kansas,Recovered,
3/21/2020,Kansas,Confirmed,60
3/21/2020,Kansas,Deaths,1
3/21/2020,Kansas,Serious,
3/21/2020,Kansas,Critical,
3/21/2020,Kansas,Recovered,
3/22/2020,Kansas,Confirmed,60
3/22/2020,Kansas,Deaths,1
3/22/2020,Kansas,Serious,
3/22/2020,Kansas,Critical,
3/22/2020,Kansas,Recovered,
3/17/20,Kentucky,Confirmed,26
3/17/20,Kentucky,Deaths,1
3/17/20,Kentucky,Serious,
3/17/20,Kentucky,Critical,
3/17/20,Kentucky,Recovered,
3/18/20,Kentucky,Confirmed,35
3/18/20,Kentucky,Deaths,1
3/18/20,Kentucky,Serious,
3/18/20,Kentucky,Critical,
3/18/20,Kentucky,Recovered,
3/19/2020,Kentucky,Confirmed,47
3/19/2020,Kentucky,Deaths,2
3/19/2020,Kentucky,Serious,
3/19/2020,Kentucky,Critical,
3/19/2020,Kentucky,Recovered,
3/20/2020,Kentucky,Confirmed,48
3/20/2020,Kentucky,Deaths,2
3/20/2020,Kentucky,Serious,
3/20/2020,Kentucky,Critical,
3/20/2020,Kentucky,Recovered,
3/21/2020,Kentucky,Confirmed,54
3/21/2020,Kentucky,Deaths,2
3/21/2020,Kentucky,Serious,
3/21/2020,Kentucky,Critical,
3/21/2020,Kentucky,Recovered,
3/22/2020,Kentucky,Confirmed,54
3/22/2020,Kentucky,Deaths,2
3/22/2020,Kentucky,Serious,
3/22/2020,Kentucky,Critical,
3/22/2020,Kentucky,Recovered,
3/17/20,Louisiana,Confirmed,196
3/17/20,Louisiana,Deaths,4
3/17/20,Louisiana,Serious,
3/17/20,Louisiana,Critical,
3/17/20,Louisiana,Recovered,
3/18/20,Louisiana,Confirmed,280
3/18/20,Louisiana,Deaths,4
3/18/20,Louisiana,Serious,
3/18/20,Louisiana,Critical,
3/18/20,Louisiana,Recovered,
3/19/2020,Louisiana,Confirmed,392
3/19/2020,Louisiana,Deaths,10
3/19/2020,Louisiana,Serious,
3/19/2020,Louisiana,Critical,
3/19/2020,Louisiana,Recovered,
3/20/2020,Louisiana,Confirmed,537
3/20/2020,Louisiana,Deaths,14
3/20/2020,Louisiana,Serious,
3/20/2020,Louisiana,Critical,
3/20/2020,Louisiana,Recovered,
3/21/2020,Louisiana,Confirmed,763
3/21/2020,Louisiana,Deaths,20
3/21/2020,Louisiana,Serious,
3/21/2020,Louisiana,Critical,
3/21/2020,Louisiana,Recovered,
3/22/2020,Louisiana,Confirmed,763
3/22/2020,Louisiana,Deaths,20
3/22/2020,Louisiana,Serious,
3/22/2020,Louisiana,Critical,
3/22/2020,Louisiana,Recovered,
3/17/20,Maine,Confirmed,32
3/17/20,Maine,Deaths,0
3/17/20,Maine,Serious,
3/17/20,Maine,Critical,
3/17/20,Maine,Recovered,
3/18/20,Maine,Confirmed,32
3/18/20,Maine,Deaths,0
3/18/20,Maine,Serious,
3/18/20,Maine,Critical,
3/18/20,Maine,Recovered,
3/19/2020,Maine,Confirmed,53
3/19/2020,Maine,Deaths,0
3/19/2020,Maine,Serious,
3/19/2020,Maine,Critical,
3/19/2020,Maine,Recovered,
3/20/2020,Maine,Confirmed,56
3/20/2020,Maine,Deaths,0
3/20/2020,Maine,Serious,
3/20/2020,Maine,Critical,
3/20/2020,Maine,Recovered,
3/21/2020,Maine,Confirmed,70
3/21/2020,Maine,Deaths,0
3/21/2020,Maine,Serious,
3/21/2020,Maine,Critical,
3/21/2020,Maine,Recovered,3
3/22/2020,Maine,Confirmed,70
3/22/2020,Maine,Deaths,0
3/22/2020,Maine,Serious,
3/22/2020,Maine,Critical,
3/22/2020,Maine,Recovered,3
3/17/20,Maryland,Confirmed,57
3/17/20,Maryland,Deaths,0
3/17/20,Maryland,Serious,
3/17/20,Maryland,Critical,
3/17/20,Maryland,Recovered,0
3/18/20,Maryland,Confirmed,85
3/18/20,Maryland,Deaths,1
3/18/20,Maryland,Serious,
3/18/20,Maryland,Critical,
3/18/20,Maryland,Recovered,0
3/19/2020,Maryland,Confirmed,107
3/19/2020,Maryland,Deaths,1
3/19/2020,Maryland,Serious,
3/19/2020,Maryland,Critical,
3/19/2020,Maryland,Recovered,0
3/20/2020,Maryland,Confirmed,149
3/20/2020,Maryland,Deaths,1
3/20/2020,Maryland,Serious,
3/20/2020,Maryland,Critical,
3/20/2020,Maryland,Recovered,0
3/21/2020,Maryland,Confirmed,190
3/21/2020,Maryland,Deaths,2
3/21/2020,Maryland,Serious,
3/21/2020,Maryland,Critical,
3/21/2020,Maryland,Recovered,0
3/22/2020,Maryland,Confirmed,190
3/22/2020,Maryland,Deaths,2
3/22/2020,Maryland,Serious,
3/22/2020,Maryland,Critical,
3/22/2020,Maryland,Recovered,0
3/17/20,Massachusetts,Confirmed,218
3/17/20,Massachusetts,Deaths,0
3/17/20,Massachusetts,Serious,
3/17/20,Massachusetts,Critical,
3/17/20,Massachusetts,Recovered,
3/18/20,Massachusetts,Confirmed,256
3/18/20,Massachusetts,Deaths,0
3/18/20,Massachusetts,Serious,
3/18/20,Massachusetts,Critical,
3/18/20,Massachusetts,Recovered,
3/19/2020,Massachusetts,Confirmed,328
3/19/2020,Massachusetts,Deaths,0
3/19/2020,Massachusetts,Serious,
3/19/2020,Massachusetts,Critical,
3/19/2020,Massachusetts,Recovered,
3/20/2020,Massachusetts,Confirmed,413
3/20/2020,Massachusetts,Deaths,1
3/20/2020,Massachusetts,Serious,
3/20/2020,Massachusetts,Critical,
3/20/2020,Massachusetts,Recovered,
3/21/2020,Massachusetts,Confirmed,525
3/21/2020,Massachusetts,Deaths,2
3/21/2020,Massachusetts,Serious,
3/21/2020,Massachusetts,Critical,
3/21/2020,Massachusetts,Recovered,
3/22/2020,Massachusetts,Confirmed,525
3/22/2020,Massachusetts,Deaths,2
3/22/2020,Massachusetts,Serious,
3/22/2020,Massachusetts,Critical,
3/22/2020,Massachusetts,Recovered,
3/17/20,Michigan,Confirmed,65
3/17/20,Michigan,Deaths,0
3/17/20,Michigan,Serious,
3/17/20,Michigan,Critical,
3/17/20,Michigan,Recovered,
3/18/20,Michigan,Confirmed,80
3/18/20,Michigan,Deaths,1
3/18/20,Michigan,Serious,
3/18/20,Michigan,Critical,
3/18/20,Michigan,Recovered,
3/19/2020,Michigan,Confirmed,334
3/19/2020,Michigan,Deaths,1
3/19/2020,Michigan,Serious,
3/19/2020,Michigan,Critical,
3/19/2020,Michigan,Recovered,
3/20/2020,Michigan,Confirmed,549
3/20/2020,Michigan,Deaths,3
3/20/2020,Michigan,Serious,
3/20/2020,Michigan,Critical,
3/20/2020,Michigan,Recovered,
3/21/2020,Michigan,Confirmed,787
3/21/2020,Michigan,Deaths,8
3/21/2020,Michigan,Serious,
3/21/2020,Michigan,Critical,
3/21/2020,Michigan,Recovered,
3/22/2020,Michigan,Confirmed,787
3/22/2020,Michigan,Deaths,8
3/22/2020,Michigan,Serious,
3/22/2020,Michigan,Critical,
3/22/2020,Michigan,Recovered,
3/17/20,Minnesota,Confirmed,60
3/17/20,Minnesota,Deaths,0
3/17/20,Minnesota,Serious,
3/17/20,Minnesota,Critical,1
3/17/20,Minnesota,Recovered,
3/18/20,Minnesota,Confirmed,77
3/18/20,Minnesota,Deaths,0
3/18/20,Minnesota,Serious,
3/18/20,Minnesota,Critical,1
3/18/20,Minnesota,Recovered,
3/19/2020,Minnesota,Confirmed,89
3/19/2020,Minnesota,Deaths,0
3/19/2020,Minnesota,Serious,
3/19/2020,Minnesota,Critical,1
3/19/2020,Minnesota,Recovered,
3/20/2020,Minnesota,Confirmed,115
3/20/2020,Minnesota,Deaths,0
3/20/2020,Minnesota,Serious,
3/20/2020,Minnesota,Critical,1
3/20/2020,Minnesota,Recovered,
3/21/2020,Minnesota,Confirmed,137
3/21/2020,Minnesota,Deaths,1
3/21/2020,Minnesota,Serious,
3/21/2020,Minnesota,Critical,1
3/21/2020,Minnesota,Recovered,
3/22/2020,Minnesota,Confirmed,137
3/22/2020,Minnesota,Deaths,1
3/22/2020,Minnesota,Serious,
3/22/2020,Minnesota,Critical,1
3/22/2020,Minnesota,Recovered,
3/17/20,Mississippi,Confirmed,21
3/17/20,Mississippi,Deaths,0
3/17/20,Mississippi,Serious,
3/17/20,Mississippi,Critical,
3/17/20,Mississippi,Recovered,
3/18/20,Mississippi,Confirmed,21
3/18/20,Mississippi,Deaths,0
3/18/20,Mississippi,Serious,
3/18/20,Mississippi,Critical,
3/18/20,Mississippi,Recovered,
3/19/2020,Mississippi,Confirmed,50
3/19/2020,Mississippi,Deaths,1
3/19/2020,Mississippi,Serious,
3/19/2020,Mississippi,Critical,
3/19/2020,Mississippi,Recovered,
3/20/2020,Mississippi,Confirmed,80
3/20/2020,Mississippi,Deaths,1
3/20/2020,Mississippi,Serious,
3/20/2020,Mississippi,Critical,
3/20/2020,Mississippi,Recovered,
3/21/2020,Mississippi,Confirmed,140
3/21/2020,Mississippi,Deaths,1
3/21/2020,Mississippi,Serious,
3/21/2020,Mississippi,Critical,
3/21/2020,Mississippi,Recovered,
3/22/2020,Mississippi,Confirmed,140
3/22/2020,Mississippi,Deaths,1
3/22/2020,Mississippi,Serious,
3/22/2020,Mississippi,Critical,
3/22/2020,Mississippi,Recovered,
3/17/20,Missouri,Confirmed,13
3/17/20,Missouri,Deaths,0
3/17/20,Missouri,Serious,
3/17/20,Missouri,Critical,
3/17/20,Missouri,Recovered,
3/18/20,Missouri,Confirmed,24
3/18/20,Missouri,Deaths,1
3/18/20,Missouri,Serious,
3/18/20,Missouri,Critical,
3/18/20,Missouri,Recovered,
3/19/2020,Missouri,Confirmed,24
3/19/2020,Missouri,Deaths,1
3/19/2020,Missouri,Serious,
3/19/2020,Missouri,Critical,
3/19/2020,Missouri,Recovered,
3/20/2020,Missouri,Confirmed,26
3/20/2020,Missouri,Deaths,1
3/20/2020,Missouri,Serious,
3/20/2020,Missouri,Critical,
3/20/2020,Missouri,Recovered,
3/21/2020,Missouri,Confirmed,73
3/21/2020,Missouri,Deaths,3
3/21/2020,Missouri,Serious,
3/21/2020,Missouri,Critical,
3/21/2020,Missouri,Recovered,
3/22/2020,Missouri,Confirmed,73
3/22/2020,Missouri,Deaths,3
3/22/2020,Missouri,Serious,
3/22/2020,Missouri,Critical,
3/22/2020,Missouri,Recovered,
3/17/20,Montana,Confirmed,9
3/17/20,Montana,Deaths,0
3/17/20,Montana,Serious,
3/17/20,Montana,Critical,
3/17/20,Montana,Recovered,
3/18/20,Montana,Confirmed,12
3/18/20,Montana,Deaths,0
3/18/20,Montana,Serious,
3/18/20,Montana,Critical,
3/18/20,Montana,Recovered,
3/19/2020,Montana,Confirmed,12
3/19/2020,Montana,Deaths,0
3/19/2020,Montana,Serious,
3/19/2020,Montana,Critical,
3/19/2020,Montana,Recovered,
3/20/2020,Montana,Confirmed,15
3/20/2020,Montana,Deaths,0
3/20/2020,Montana,Serious,
3/20/2020,Montana,Critical,
3/20/2020,Montana,Recovered,
3/21/2020,Montana,Confirmed,27
3/21/2020,Montana,Deaths,0
3/21/2020,Montana,Serious,
3/21/2020,Montana,Critical,
3/21/2020,Montana,Recovered,
3/22/2020,Montana,Confirmed,27
3/22/2020,Montana,Deaths,0
3/22/2020,Montana,Serious,
3/22/2020,Montana,Critical,
3/22/2020,Montana,Recovered,
3/17/20,Nebraska,Confirmed,21
3/17/20,Nebraska,Deaths,0
3/17/20,Nebraska,Serious,
3/17/20,Nebraska,Critical,
3/17/20,Nebraska,Recovered,
3/18/20,Nebraska,Confirmed,21
3/18/20,Nebraska,Deaths,0
3/18/20,Nebraska,Serious,
3/18/20,Nebraska,Critical,
3/18/20,Nebraska,Recovered,
3/19/2020,Nebraska,Confirmed,45
3/19/2020,Nebraska,Deaths,0
3/19/2020,Nebraska,Serious,
3/19/2020,Nebraska,Critical,
3/19/2020,Nebraska,Recovered,
3/20/2020,Nebraska,Confirmed,45
3/20/2020,Nebraska,Deaths,0
3/20/2020,Nebraska,Serious,
3/20/2020,Nebraska,Critical,
3/20/2020,Nebraska,Recovered,
3/21/2020,Nebraska,Confirmed,45
3/21/2020,Nebraska,Deaths,0
3/21/2020,Nebraska,Serious,
3/21/2020,Nebraska,Critical,
3/21/2020,Nebraska,Recovered,
3/22/2020,Nebraska,Confirmed,48
3/22/2020,Nebraska,Deaths,0
3/22/2020,Nebraska,Serious,
3/22/2020,Nebraska,Critical,
3/22/2020,Nebraska,Recovered,
3/17/20,Nevada,Confirmed,55
3/17/20,Nevada,Deaths,1
3/17/20,Nevada,Serious,
3/17/20,Nevada,Critical,
3/17/20,Nevada,Recovered,
3/18/20,Nevada,Confirmed,55
3/18/20,Nevada,Deaths,1
3/18/20,Nevada,Serious,
3/18/20,Nevada,Critical,
3/18/20,Nevada,Recovered,
3/19/2020,Nevada,Confirmed,95
3/19/2020,Nevada,Deaths,1
3/19/2020,Nevada,Serious,
3/19/2020,Nevada,Critical,
3/19/2020,Nevada,Recovered,
3/20/2020,Nevada,Confirmed,154
3/20/2020,Nevada,Deaths,2
3/20/2020,Nevada,Serious,
3/20/2020,Nevada,Critical,
3/20/2020,Nevada,Recovered,
3/21/2020,Nevada,Confirmed,157
3/21/2020,Nevada,Deaths,2
3/21/2020,Nevada,Serious,
3/21/2020,Nevada,Critical,
3/21/2020,Nevada,Recovered,
3/22/2020,Nevada,Confirmed,157
3/22/2020,Nevada,Deaths,2
3/22/2020,Nevada,Serious,
3/22/2020,Nevada,Critical,
3/22/2020,Nevada,Recovered,
3/17/20,New Hampshire,Confirmed,26
3/17/20,New Hampshire,Deaths,0
3/17/20,New Hampshire,Serious,
3/17/20,New Hampshire,Critical,
3/17/20,New Hampshire,Recovered,
3/18/20,New Hampshire,Confirmed,26
3/18/20,New Hampshire,Deaths,0
3/18/20,New Hampshire,Serious,
3/18/20,New Hampshire,Critical,
3/18/20,New Hampshire,Recovered,
3/19/2020,New Hampshire,Confirmed,44
3/19/2020,New Hampshire,Deaths,0
3/19/2020,New Hampshire,Serious,
3/19/2020,New Hampshire,Critical,
3/19/2020,New Hampshire,Recovered,
3/20/2020,New Hampshire,Confirmed,55
3/20/2020,New Hampshire,Deaths,0
3/20/2020,New Hampshire,Serious,
3/20/2020,New Hampshire,Critical,
3/20/2020,New Hampshire,Recovered,
3/21/2020,New Hampshire,Confirmed,65
3/21/2020,New Hampshire,Deaths,0
3/21/2020,New Hampshire,Serious,
3/21/2020,New Hampshire,Critical,
3/21/2020,New Hampshire,Recovered,
3/22/2020,New Hampshire,Confirmed,65
3/22/2020,New Hampshire,Deaths,0
3/22/2020,New Hampshire,Serious,
3/22/2020,New Hampshire,Critical,
3/22/2020,New Hampshire,Recovered,
3/17/20,New Jersey,Confirmed,267
3/17/20,New Jersey,Deaths,3
3/17/20,New Jersey,Serious,
3/17/20,New Jersey,Critical,
3/17/20,New Jersey,Recovered,
3/18/20,New Jersey,Confirmed,427
3/18/20,New Jersey,Deaths,5
3/18/20,New Jersey,Serious,
3/18/20,New Jersey,Critical,
3/18/20,New Jersey,Recovered,
3/19/2020,New Jersey,Confirmed,742
3/19/2020,New Jersey,Deaths,9
3/19/2020,New Jersey,Serious,
3/19/2020,New Jersey,Critical,
3/19/2020,New Jersey,Recovered,
3/20/2020,New Jersey,Confirmed,890
3/20/2020,New Jersey,Deaths,11
3/20/2020,New Jersey,Serious,
3/20/2020,New Jersey,Critical,
3/20/2020,New Jersey,Recovered,
3/21/2020,New Jersey,Confirmed,1336
3/21/2020,New Jersey,Deaths,16
3/21/2020,New Jersey,Serious,
3/21/2020,New Jersey,Critical,
3/21/2020,New Jersey,Recovered,
3/22/2020,New Jersey,Confirmed,1336
3/22/2020,New Jersey,Deaths,16
3/22/2020,New Jersey,Serious,
3/22/2020,New Jersey,Critical,
3/22/2020,New Jersey,Recovered,
3/17/20,New Mexico,Confirmed,23
3/17/20,New Mexico,Deaths,0
3/17/20,New Mexico,Serious,
3/17/20,New Mexico,Critical,
3/17/20,New Mexico,Recovered,
3/18/20,New Mexico,Confirmed,23
3/18/20,New Mexico,Deaths,0
3/18/20,New Mexico,Serious,
3/18/20,New Mexico,Critical,
3/18/20,New Mexico,Recovered,
3/19/2020,New Mexico,Confirmed,35
3/19/2020,New Mexico,Deaths,0
3/19/2020,New Mexico,Serious,
3/19/2020,New Mexico,Critical,
3/19/2020,New Mexico,Recovered,
3/20/2020,New Mexico,Confirmed,43
3/20/2020,New Mexico,Deaths,0
3/20/2020,New Mexico,Serious,
3/20/2020,New Mexico,Critical,
3/20/2020,New Mexico,Recovered,
3/21/2020,New Mexico,Confirmed,57
3/21/2020,New Mexico,Deaths,0
3/21/2020,New Mexico,Serious,
3/21/2020,New Mexico,Critical,
3/21/2020,New Mexico,Recovered,
3/22/2020,New Mexico,Confirmed,57
3/22/2020,New Mexico,Deaths,0
3/22/2020,New Mexico,Serious,
3/22/2020,New Mexico,Critical,
3/22/2020,New Mexico,Recovered,
3/17/20,New York,Confirmed,1653
3/17/20,New York,Deaths,12
3/17/20,New York,Serious,60
3/17/20,New York,Critical,
3/17/20,New York,Recovered,
3/18/20,New York,Confirmed,2914
3/18/20,New York,Deaths,20
3/18/20,New York,Serious,60
3/18/20,New York,Critical,
3/18/20,New York,Recovered,
3/19/2020,New York,Confirmed,5637
3/19/2020,New York,Deaths,36
3/19/2020,New York,Serious,60
3/19/2020,New York,Critical,
3/19/2020,New York,Recovered,
3/20/2020,New York,Confirmed,8516
3/20/2020,New York,Deaths,44
3/20/2020,New York,Serious,60
3/20/2020,New York,Critical,
3/20/2020,New York,Recovered,
3/21/2020,New York,Confirmed,12260
3/21/2020,New York,Deaths,70
3/21/2020,New York,Serious,60
3/21/2020,New York,Critical,
3/21/2020,New York,Recovered,
3/22/2020,New York,Confirmed,12260
3/22/2020,New York,Deaths,80
3/22/2020,New York,Serious,60
3/22/2020,New York,Critical,
3/22/2020,New York,Recovered,
3/17/20,North Carolina,Confirmed,40
3/17/20,North Carolina,Deaths,0
3/17/20,North Carolina,Serious,
3/17/20,North Carolina,Critical,
3/17/20,North Carolina,Recovered,
3/18/20,North Carolina,Confirmed,40
3/18/20,North Carolina,Deaths,0
3/18/20,North Carolina,Serious,
3/18/20,North Carolina,Critical,
3/18/20,North Carolina,Recovered,
3/19/2020,North Carolina,Confirmed,97
3/19/2020,North Carolina,Deaths,0
3/19/2020,North Carolina,Serious,
3/19/2020,North Carolina,Critical,
3/19/2020,North Carolina,Recovered,
3/20/2020,North Carolina,Confirmed,137
3/20/2020,North Carolina,Deaths,0
3/20/2020,North Carolina,Serious,
3/20/2020,North Carolina,Critical,
3/20/2020,North Carolina,Recovered,
3/21/2020,North Carolina,Confirmed,184
3/21/2020,North Carolina,Deaths,0
3/21/2020,North Carolina,Serious,
3/21/2020,North Carolina,Critical,
3/21/2020,North Carolina,Recovered,
3/22/2020,North Carolina,Confirmed,184
3/22/2020,North Carolina,Deaths,0
3/22/2020,North Carolina,Serious,
3/22/2020,North Carolina,Critical,
3/22/2020,North Carolina,Recovered,
3/17/20,North Dakota,Confirmed,5
3/17/20,North Dakota,Deaths,0
3/17/20,North Dakota,Serious,
3/17/20,North Dakota,Critical,
3/17/20,North Dakota,Recovered,
3/18/20,North Dakota,Confirmed,5
3/18/20,North Dakota,Deaths,0
3/18/20,North Dakota,Serious,
3/18/20,North Dakota,Critical,
3/18/20,North Dakota,Recovered,
3/19/2020,North Dakota,Confirmed,7
3/19/2020,North Dakota,Deaths,0
3/19/2020,North Dakota,Serious,
3/19/2020,North Dakota,Critical,
3/19/2020,North Dakota,Recovered,
3/20/2020,North Dakota,Confirmed,26
3/20/2020,North Dakota,Deaths,0
3/20/2020,North Dakota,Serious,
3/20/2020,North Dakota,Critical,
3/20/2020,North Dakota,Recovered,
3/21/2020,North Dakota,Confirmed,28
3/21/2020,North Dakota,Deaths,0
3/21/2020,North Dakota,Serious,
3/21/2020,North Dakota,Critical,
3/21/2020,North Dakota,Recovered,
3/22/2020,North Dakota,Confirmed,28
3/22/2020,North Dakota,Deaths,0
3/22/2020,North Dakota,Serious,
3/22/2020,North Dakota,Critical,
3/22/2020,North Dakota,Recovered,
3/17/20,Northern Mariana Islands,Confirmed,0
3/17/20,Northern Mariana Islands,Deaths,0
3/17/20,Northern Mariana Islands,Serious,
3/17/20,Northern Mariana Islands,Critical,
3/17/20,Northern Mariana Islands,Recovered,
3/18/20,Northern Mariana Islands,Confirmed,0
3/18/20,Northern Mariana Islands,Deaths,0
3/18/20,Northern Mariana Islands,Serious,
3/18/20,Northern Mariana Islands,Critical,
3/18/20,Northern Mariana Islands,Recovered,
3/19/2020,Northern Mariana Islands,Confirmed,0
3/19/2020,Northern Mariana Islands,Deaths,0
3/19/2020,Northern Mariana Islands,Serious,
3/19/2020,Northern Mariana Islands,Critical,
3/19/2020,Northern Mariana Islands,Recovered,
3/20/2020,Northern Mariana Islands,Confirmed,0
3/20/2020,Northern Mariana Islands,Deaths,0
3/20/2020,Northern Mariana Islands,Serious,
3/20/2020,Northern Mariana Islands,Critical,
3/20/2020,Northern Mariana Islands,Recovered,
3/21/2020,Northern Mariana Islands,Confirmed,0
3/21/2020,Northern Mariana Islands,Deaths,0
3/21/2020,Northern Mariana Islands,Serious,
3/21/2020,Northern Mariana Islands,Critical,
3/21/2020,Northern Mariana Islands,Recovered,
3/22/2020,Northern Mariana Islands,Confirmed,0
3/22/2020,Northern Mariana Islands,Deaths,0
3/22/2020,Northern Mariana Islands,Serious,
3/22/2020,Northern Mariana Islands,Critical,
3/22/2020,Northern Mariana Islands,Recovered,
3/17/20,Ohio,Confirmed,67
3/17/20,Ohio,Deaths,0
3/17/20,Ohio,Serious,
3/17/20,Ohio,Critical,
3/17/20,Ohio,Recovered,
3/18/20,Ohio,Confirmed,88
3/18/20,Ohio,Deaths,0
3/18/20,Ohio,Serious,
3/18/20,Ohio,Critical,
3/18/20,Ohio,Recovered,
3/19/2020,Ohio,Confirmed,119
3/19/2020,Ohio,Deaths,0
3/19/2020,Ohio,Serious,
3/19/2020,Ohio,Critical,
3/19/2020,Ohio,Recovered,
3/20/2020,Ohio,Confirmed,169
3/20/2020,Ohio,Deaths,1
3/20/2020,Ohio,Serious,
3/20/2020,Ohio,Critical,
3/20/2020,Ohio,Recovered,
3/21/2020,Ohio,Confirmed,247
3/21/2020,Ohio,Deaths,3
3/21/2020,Ohio,Serious,
3/21/2020,Ohio,Critical,
3/21/2020,Ohio,Recovered,
3/22/2020,Ohio,Confirmed,247
3/22/2020,Ohio,Deaths,3
3/22/2020,Ohio,Serious,
3/22/2020,Ohio,Critical,
3/22/2020,Ohio,Recovered,
3/17/20,Oklahoma,Confirmed,17
3/17/20,Oklahoma,Deaths,0
3/17/20,Oklahoma,Serious,
3/17/20,Oklahoma,Critical,
3/17/20,Oklahoma,Recovered,
3/18/20,Oklahoma,Confirmed,29
3/18/20,Oklahoma,Deaths,0
3/18/20,Oklahoma,Serious,
3/18/20,Oklahoma,Critical,
3/18/20,Oklahoma,Recovered,
3/19/2020,Oklahoma,Confirmed,46
3/19/2020,Oklahoma,Deaths,1
3/19/2020,Oklahoma,Serious,
3/19/2020,Oklahoma,Critical,
3/19/2020,Oklahoma,Recovered,
3/20/2020,Oklahoma,Confirmed,51
3/20/2020,Oklahoma,Deaths,1
3/20/2020,Oklahoma,Serious,
3/20/2020,Oklahoma,Critical,
3/20/2020,Oklahoma,Recovered,
3/21/2020,Oklahoma,Confirmed,53
3/21/2020,Oklahoma,Deaths,1
3/21/2020,Oklahoma,Serious,
3/21/2020,Oklahoma,Critical,
3/21/2020,Oklahoma,Recovered,
3/22/2020,Oklahoma,Confirmed,53
3/22/2020,Oklahoma,Deaths,1
3/22/2020,Oklahoma,Serious,
3/22/2020,Oklahoma,Critical,
3/22/2020,Oklahoma,Recovered,
3/17/20,Oregon,Confirmed,65
3/17/20,Oregon,Deaths,1
3/17/20,Oregon,Serious,
3/17/20,Oregon,Critical,
3/17/20,Oregon,Recovered,
3/18/20,Oregon,Confirmed,75
3/18/20,Oregon,Deaths,1
3/18/20,Oregon,Serious,
3/18/20,Oregon,Critical,
3/18/20,Oregon,Recovered,
3/19/2020,Oregon,Confirmed,88
3/19/2020,Oregon,Deaths,3
3/19/2020,Oregon,Serious,
3/19/2020,Oregon,Critical,
3/19/2020,Oregon,Recovered,
3/20/2020,Oregon,Confirmed,114
3/20/2020,Oregon,Deaths,3
3/20/2020,Oregon,Serious,
3/20/2020,Oregon,Critical,
3/20/2020,Oregon,Recovered,
3/21/2020,Oregon,Confirmed,137
3/21/2020,Oregon,Deaths,4
3/21/2020,Oregon,Serious,
3/21/2020,Oregon,Critical,
3/21/2020,Oregon,Recovered,
3/22/2020,Oregon,Confirmed,137
3/22/2020,Oregon,Deaths,4
3/22/2020,Oregon,Serious,
3/22/2020,Oregon,Critical,
3/22/2020,Oregon,Recovered,
3/17/20,Pennsylvania,Confirmed,96
3/17/20,Pennsylvania,Deaths,0
3/17/20,Pennsylvania,Serious,
3/17/20,Pennsylvania,Critical,1
3/17/20,Pennsylvania,Recovered,
3/18/20,Pennsylvania,Confirmed,133
3/18/20,Pennsylvania,Deaths,1
3/18/20,Pennsylvania,Serious,
3/18/20,Pennsylvania,Critical,1
3/18/20,Pennsylvania,Recovered,
3/19/2020,Pennsylvania,Confirmed,185
3/19/2020,Pennsylvania,Deaths,1
3/19/2020,Pennsylvania,Serious,
3/19/2020,Pennsylvania,Critical,1
3/19/2020,Pennsylvania,Recovered,
3/20/2020,Pennsylvania,Confirmed,268
3/20/2020,Pennsylvania,Deaths,1
3/20/2020,Pennsylvania,Serious,
3/20/2020,Pennsylvania,Critical,1
3/20/2020,Pennsylvania,Recovered,
3/21/2020,Pennsylvania,Confirmed,371
3/21/2020,Pennsylvania,Deaths,2
3/21/2020,Pennsylvania,Serious,
3/21/2020,Pennsylvania,Critical,1
3/21/2020,Pennsylvania,Recovered,
3/22/2020,Pennsylvania,Confirmed,371
3/22/2020,Pennsylvania,Deaths,2
3/22/2020,Pennsylvania,Serious,
3/22/2020,Pennsylvania,Critical,1
3/22/2020,Pennsylvania,Recovered,
3/17/20,Puerto Rico,Confirmed,5
3/17/20,Puerto Rico,Deaths,0
3/17/20,Puerto Rico,Serious,
3/17/20,Puerto Rico,Critical,
3/17/20,Puerto Rico,Recovered,
3/18/20,Puerto Rico,Confirmed,5
3/18/20,Puerto Rico,Deaths,0
3/18/20,Puerto Rico,Serious,
3/18/20,Puerto Rico,Critical,
3/18/20,Puerto Rico,Recovered,
3/19/2020,Puerto Rico,Confirmed,5
3/19/2020,Puerto Rico,Deaths,0
3/19/2020,Puerto Rico,Serious,
3/19/2020,Puerto Rico,Critical,
3/19/2020,Puerto Rico,Recovered,
3/20/2020,Puerto Rico,Confirmed,14
3/20/2020,Puerto Rico,Deaths,0
3/20/2020,Puerto Rico,Serious,
3/20/2020,Puerto Rico,Critical,
3/20/2020,Puerto Rico,Recovered,
3/21/2020,Puerto Rico,Confirmed,21
3/21/2020,Puerto Rico,Deaths,0
3/21/2020,Puerto Rico,Serious,
3/21/2020,Puerto Rico,Critical,
3/21/2020,Puerto Rico,Recovered,
3/22/2020,Puerto Rico,Confirmed,21
3/22/2020,Puerto Rico,Deaths,0
3/22/2020,Puerto Rico,Serious,
3/22/2020,Puerto Rico,Critical,
3/22/2020,Puerto Rico,Recovered,
3/17/20,Rhode Island,Confirmed,21
3/17/20,Rhode Island,Deaths,0
3/17/20,Rhode Island,Serious,
3/17/20,Rhode Island,Critical,
3/17/20,Rhode Island,Recovered,
3/18/20,Rhode Island,Confirmed,21
3/18/20,Rhode Island,Deaths,0
3/18/20,Rhode Island,Serious,
3/18/20,Rhode Island,Critical,
3/18/20,Rhode Island,Recovered,
3/19/2020,Rhode Island,Confirmed,44
3/19/2020,Rhode Island,Deaths,0
3/19/2020,Rhode Island,Serious,
3/19/2020,Rhode Island,Critical,
3/19/2020,Rhode Island,Recovered,
3/20/2020,Rhode Island,Confirmed,44
3/20/2020,Rhode Island,Deaths,0
3/20/2020,Rhode Island,Serious,
3/20/2020,Rhode Island,Critical,
3/20/2020,Rhode Island,Recovered,
3/21/2020,Rhode Island,Confirmed,66
3/21/2020,Rhode Island,Deaths,0
3/21/2020,Rhode Island,Serious,
3/21/2020,Rhode Island,Critical,
3/21/2020,Rhode Island,Recovered,
3/22/2020,Rhode Island,Confirmed,66
3/22/2020,Rhode Island,Deaths,0
3/22/2020,Rhode Island,Serious,
3/22/2020,Rhode Island,Critical,
3/22/2020,Rhode Island,Recovered,
3/17/20,South Carolina,Confirmed,47
3/17/20,South Carolina,Deaths,1
3/17/20,South Carolina,Serious,
3/17/20,South Carolina,Critical,
3/17/20,South Carolina,Recovered,
3/18/20,South Carolina,Confirmed,60
3/18/20,South Carolina,Deaths,1
3/18/20,South Carolina,Serious,
3/18/20,South Carolina,Critical,
3/18/20,South Carolina,Recovered,
3/19/2020,South Carolina,Confirmed,81
3/19/2020,South Carolina,Deaths,1
3/19/2020,South Carolina,Serious,
3/19/2020,South Carolina,Critical,
3/19/2020,South Carolina,Recovered,
3/20/2020,South Carolina,Confirmed,125
3/20/2020,South Carolina,Deaths,3
3/20/2020,South Carolina,Serious,
3/20/2020,South Carolina,Critical,
3/20/2020,South Carolina,Recovered,
3/21/2020,South Carolina,Confirmed,173
3/21/2020,South Carolina,Deaths,3
3/21/2020,South Carolina,Serious,
3/21/2020,South Carolina,Critical,
3/21/2020,South Carolina,Recovered,
3/22/2020,South Carolina,Confirmed,173
3/22/2020,South Carolina,Deaths,3
3/22/2020,South Carolina,Serious,
3/22/2020,South Carolina,Critical,
3/22/2020,South Carolina,Recovered,
3/17/20,South Dakota,Confirmed,11
3/17/20,South Dakota,Deaths,1
3/17/20,South Dakota,Serious,
3/17/20,South Dakota,Critical,
3/17/20,South Dakota,Recovered,
3/18/20,South Dakota,Confirmed,11
3/18/20,South Dakota,Deaths,1
3/18/20,South Dakota,Serious,
3/18/20,South Dakota,Critical,
3/18/20,South Dakota,Recovered,
3/19/2020,South Dakota,Confirmed,14
3/19/2020,South Dakota,Deaths,1
3/19/2020,South Dakota,Serious,
3/19/2020,South Dakota,Critical,
3/19/2020,South Dakota,Recovered,
3/20/2020,South Dakota,Confirmed,14
3/20/2020,South Dakota,Deaths,1
3/20/2020,South Dakota,Serious,
3/20/2020,South Dakota,Critical,
3/20/2020,South Dakota,Recovered,
3/21/2020,South Dakota,Confirmed,14
3/21/2020,South Dakota,Deaths,1
3/21/2020,South Dakota,Serious,
3/21/2020,South Dakota,Critical,
3/21/2020,South Dakota,Recovered,
3/22/2020,South Dakota,Confirmed,14
3/22/2020,South Dakota,Deaths,1
3/22/2020,South Dakota,Serious,
3/22/2020,South Dakota,Critical,
3/22/2020,South Dakota,Recovered,
3/17/20,Tennessee,Confirmed,73
3/17/20,Tennessee,Deaths,0
3/17/20,Tennessee,Serious,
3/17/20,Tennessee,Critical,
3/17/20,Tennessee,Recovered,
3/18/20,Tennessee,Confirmed,98
3/18/20,Tennessee,Deaths,0
3/18/20,Tennessee,Serious,
3/18/20,Tennessee,Critical,
3/18/20,Tennessee,Recovered,
3/19/2020,Tennessee,Confirmed,154
3/19/2020,Tennessee,Deaths,0
3/19/2020,Tennessee,Serious,
3/19/2020,Tennessee,Critical,
3/19/2020,Tennessee,Recovered,
3/20/2020,Tennessee,Confirmed,228
3/20/2020,Tennessee,Deaths,0
3/20/2020,Tennessee,Serious,
3/20/2020,Tennessee,Critical,
3/20/2020,Tennessee,Recovered,
3/21/2020,Tennessee,Confirmed,371
3/21/2020,Tennessee,Deaths,0
3/21/2020,Tennessee,Serious,
3/21/2020,Tennessee,Critical,
3/21/2020,Tennessee,Recovered,
3/22/2020,Tennessee,Confirmed,371
3/22/2020,Tennessee,Deaths,0
3/22/2020,Tennessee,Serious,
3/22/2020,Tennessee,Critical,
3/22/2020,Tennessee,Recovered,
3/17/20,Texas,Confirmed,64
3/17/20,Texas,Deaths,2
3/17/20,Texas,Serious,
3/17/20,Texas,Critical,1
3/17/20,Texas,Recovered,
3/18/20,Texas,Confirmed,83
3/18/20,Texas,Deaths,2
3/18/20,Texas,Serious,
3/18/20,Texas,Critical,1
3/18/20,Texas,Recovered,
3/19/2020,Texas,Confirmed,200
3/19/2020,Texas,Deaths,3
3/19/2020,Texas,Serious,
3/19/2020,Texas,Critical,1
3/19/2020,Texas,Recovered,
3/20/2020,Texas,Confirmed,356
3/20/2020,Texas,Deaths,5
3/20/2020,Texas,Serious,
3/20/2020,Texas,Critical,1
3/20/2020,Texas,Recovered,
3/21/2020,Texas,Confirmed,614
3/21/2020,Texas,Deaths,5
3/21/2020,Texas,Serious,
3/21/2020,Texas,Critical,1
3/21/2020,Texas,Recovered,
3/22/2020,Texas,Confirmed,614
3/22/2020,Texas,Deaths,5
3/22/2020,Texas,Serious,
3/22/2020,Texas,Critical,1
3/22/2020,Texas,Recovered,
3/17/20,U.S. Virgin Islands,Confirmed,2
3/17/20,U.S. Virgin Islands,Deaths,0
3/17/20,U.S. Virgin Islands,Serious,
3/17/20,U.S. Virgin Islands,Critical,
3/17/20,U.S. Virgin Islands,Recovered,
3/18/20,U.S. Virgin Islands,Confirmed,2
3/18/20,U.S. Virgin Islands,Deaths,0
3/18/20,U.S. Virgin Islands,Serious,
3/18/20,U.S. Virgin Islands,Critical,
3/18/20,U.S. Virgin Islands,Recovered,
3/19/2020,U.S. Virgin Islands,Confirmed,3
3/19/2020,U.S. Virgin Islands,Deaths,0
3/19/2020,U.S. Virgin Islands,Serious,
3/19/2020,U.S. Virgin Islands,Critical,
3/19/2020,U.S. Virgin Islands,Recovered,
3/20/2020,U.S. Virgin Islands,Confirmed,3
3/20/2020,U.S. Virgin Islands,Deaths,0
3/20/2020,U.S. Virgin Islands,Serious,
3/20/2020,U.S. Virgin Islands,Critical,
3/20/2020,U.S. Virgin Islands,Recovered,
3/21/2020,U.S. Virgin Islands,Confirmed,6
3/21/2020,U.S. Virgin Islands,Deaths,0
3/21/2020,U.S. Virgin Islands,Serious,
3/21/2020,U.S. Virgin Islands,Critical,
3/21/2020,U.S. Virgin Islands,Recovered,
3/22/2020,U.S. Virgin Islands,Confirmed,6
3/22/2020,U.S. Virgin Islands,Deaths,0
3/22/2020,U.S. Virgin Islands,Serious,
3/22/2020,U.S. Virgin Islands,Critical,
3/22/2020,U.S. Virgin Islands,Recovered,
3/17/20,Utah,Confirmed,51
3/17/20,Utah,Deaths,0
3/17/20,Utah,Serious,
3/17/20,Utah,Critical,
3/17/20,Utah,Recovered,
3/18/20,Utah,Confirmed,51
3/18/20,Utah,Deaths,0
3/18/20,Utah,Serious,
3/18/20,Utah,Critical,
3/18/20,Utah,Recovered,
3/19/2020,Utah,Confirmed,78
3/19/2020,Utah,Deaths,0
3/19/2020,Utah,Serious,
3/19/2020,Utah,Critical,
3/19/2020,Utah,Recovered,
3/20/2020,Utah,Confirmed,112
3/20/2020,Utah,Deaths,0
3/20/2020,Utah,Serious,
3/20/2020,Utah,Critical,
3/20/2020,Utah,Recovered,
3/21/2020,Utah,Confirmed,136
3/21/2020,Utah,Deaths,0
3/21/2020,Utah,Serious,
3/21/2020,Utah,Critical,
3/21/2020,Utah,Recovered,
3/22/2020,Utah,Confirmed,136
3/22/2020,Utah,Deaths,0
3/22/2020,Utah,Serious,
3/22/2020,Utah,Critical,
3/22/2020,Utah,Recovered,
3/17/20,Vermont,Confirmed,17
3/17/20,Vermont,Deaths,0
3/17/20,Vermont,Serious,
3/17/20,Vermont,Critical,
3/17/20,Vermont,Recovered,
3/18/20,Vermont,Confirmed,19
3/18/20,Vermont,Deaths,0
3/18/20,Vermont,Serious,
3/18/20,Vermont,Critical,
3/18/20,Vermont,Recovered,
3/19/2020,Vermont,Confirmed,22
3/19/2020,Vermont,Deaths,2
3/19/2020,Vermont,Serious,
3/19/2020,Vermont,Critical,
3/19/2020,Vermont,Recovered,
3/20/2020,Vermont,Confirmed,29
3/20/2020,Vermont,Deaths,2
3/20/2020,Vermont,Serious,
3/20/2020,Vermont,Critical,
3/20/2020,Vermont,Recovered,
3/21/2020,Vermont,Confirmed,49
3/21/2020,Vermont,Deaths,2
3/21/2020,Vermont,Serious,
3/21/2020,Vermont,Critical,
3/21/2020,Vermont,Recovered,
3/22/2020,Vermont,Confirmed,49
3/22/2020,Vermont,Deaths,2
3/22/2020,Vermont,Serious,
3/22/2020,Vermont,Critical,
3/22/2020,Vermont,Recovered,
3/17/20,Virginia,Confirmed,67
3/17/20,Virginia,Deaths,2
3/17/20,Virginia,Serious,
3/17/20,Virginia,Critical,
3/17/20,Virginia,Recovered,
3/18/20,Virginia,Confirmed,77
3/18/20,Virginia,Deaths,2
3/18/20,Virginia,Serious,
3/18/20,Virginia,Critical,
3/18/20,Virginia,Recovered,
3/19/2020,Virginia,Confirmed,94
3/19/2020,Virginia,Deaths,2
3/19/2020,Virginia,Serious,
3/19/2020,Virginia,Critical,
3/19/2020,Virginia,Recovered,
3/20/2020,Virginia,Confirmed,114
3/20/2020,Virginia,Deaths,2
3/20/2020,Virginia,Serious,
3/20/2020,Virginia,Critical,
3/20/2020,Virginia,Recovered,
3/21/2020,Virginia,Confirmed,152
3/21/2020,Virginia,Deaths,2
3/21/2020,Virginia,Serious,
3/21/2020,Virginia,Critical,
3/21/2020,Virginia,Recovered,
3/22/2020,Virginia,Confirmed,152
3/22/2020,Virginia,Deaths,2
3/22/2020,Virginia,Serious,
3/22/2020,Virginia,Critical,
3/22/2020,Virginia,Recovered,
3/17/20,Washington,Confirmed,1012
3/17/20,Washington,Deaths,54
3/17/20,Washington,Serious,
3/17/20,Washington,Critical,
3/17/20,Washington,Recovered,1
3/18/20,Washington,Confirmed,1187
3/18/20,Washington,Deaths,66
3/18/20,Washington,Serious,
3/18/20,Washington,Critical,
3/18/20,Washington,Recovered,1
3/19/2020,Washington,Confirmed,1376
3/19/2020,Washington,Deaths,74
3/19/2020,Washington,Serious,
3/19/2020,Washington,Critical,
3/19/2020,Washington,Recovered,1
3/20/2020,Washington,Confirmed,1524
3/20/2020,Washington,Deaths,83
3/20/2020,Washington,Serious,
3/20/2020,Washington,Critical,
3/20/2020,Washington,Recovered,19
3/21/2020,Washington,Confirmed,1793
3/21/2020,Washington,Deaths,96
3/21/2020,Washington,Serious,
3/21/2020,Washington,Critical,
3/21/2020,Washington,Recovered,19
3/22/2020,Washington,Confirmed,1793
3/22/2020,Washington,Deaths,96
3/22/2020,Washington,Serious,
3/22/2020,Washington,Critical,
3/22/2020,Washington,Recovered,19
3/17/20,West Virginia,Confirmed,1
3/17/20,West Virginia,Deaths,0
3/17/20,West Virginia,Serious,
3/17/20,West Virginia,Critical,
3/17/20,West Virginia,Recovered,
3/18/20,West Virginia,Confirmed,1
3/18/20,West Virginia,Deaths,0
3/18/20,West Virginia,Serious,
3/18/20,West Virginia,Critical,
3/18/20,West Virginia,Recovered,
3/19/2020,West Virginia,Confirmed,2
3/19/2020,West Virginia,Deaths,0
3/19/2020,West Virginia,Serious,
3/19/2020,West Virginia,Critical,
3/19/2020,West Virginia,Recovered,
3/20/2020,West Virginia,Confirmed,8
3/20/2020,West Virginia,Deaths,0
3/20/2020,West Virginia,Serious,
3/20/2020,West Virginia,Critical,
3/20/2020,West Virginia,Recovered,
3/21/2020,West Virginia,Confirmed,12
3/21/2020,West Virginia,Deaths,0
3/21/2020,West Virginia,Serious,
3/21/2020,West Virginia,Critical,
3/21/2020,West Virginia,Recovered,
3/22/2020,West Virginia,Confirmed,12
3/22/2020,West Virginia,Deaths,0
3/22/2020,West Virginia,Serious,
3/22/2020,West Virginia,Critical,
3/22/2020,West Virginia,Recovered,
3/17/20,Wisconsin,Confirmed,72
3/17/20,Wisconsin,Deaths,0
3/17/20,Wisconsin,Serious,
3/17/20,Wisconsin,Critical,
3/17/20,Wisconsin,Recovered,1
3/18/20,Wisconsin,Confirmed,106
3/18/20,Wisconsin,Deaths,0
3/18/20,Wisconsin,Serious,
3/18/20,Wisconsin,Critical,
3/18/20,Wisconsin,Recovered,1
3/19/2020,Wisconsin,Confirmed,155
3/19/2020,Wisconsin,Deaths,2
3/19/2020,Wisconsin,Serious,
3/19/2020,Wisconsin,Critical,
3/19/2020,Wisconsin,Recovered,1
3/20/2020,Wisconsin,Confirmed,206
3/20/2020,Wisconsin,Deaths,3
3/20/2020,Wisconsin,Serious,
3/20/2020,Wisconsin,Critical,
3/20/2020,Wisconsin,Recovered,1
3/21/2020,Wisconsin,Confirmed,281
3/21/2020,Wisconsin,Deaths,4
3/21/2020,Wisconsin,Serious,
3/21/2020,Wisconsin,Critical,
3/21/2020,Wisconsin,Recovered,1
3/22/2020,Wisconsin,Confirmed,281
3/22/2020,Wisconsin,Deaths,4
3/22/2020,Wisconsin,Serious,
3/22/2020,Wisconsin,Critical,
3/22/2020,Wisconsin,Recovered,1
3/17/20,Wuhan (repatriated),Confirmed,3
3/17/20,Wuhan (repatriated),Deaths,0
3/17/20,Wuhan (repatriated),Serious,
3/17/20,Wuhan (repatriated),Critical,
3/17/20,Wuhan (repatriated),Recovered,
3/18/20,Wuhan (repatriated),Confirmed,3
3/18/20,Wuhan (repatriated),Deaths,0
3/18/20,Wuhan (repatriated),Serious,
3/18/20,Wuhan (repatriated),Critical,
3/18/20,Wuhan (repatriated),Recovered,
3/19/2020,Wuhan (repatriated),Confirmed,3
3/19/2020,Wuhan (repatriated),Deaths,0
3/19/2020,Wuhan (repatriated),Serious,
3/19/2020,Wuhan (repatriated),Critical,
3/19/2020,Wuhan (repatriated),Recovered,
3/20/2020,Wuhan (repatriated),Confirmed,3
3/20/2020,Wuhan (repatriated),Deaths,0
3/20/2020,Wuhan (repatriated),Serious,
3/20/2020,Wuhan (repatriated),Critical,
3/20/2020,Wuhan (repatriated),Recovered,
3/21/2020,Wuhan (repatriated),Confirmed,3
3/21/2020,Wuhan (repatriated),Deaths,0
3/21/2020,Wuhan (repatriated),Serious,
3/21/2020,Wuhan (repatriated),Critical,
3/21/2020,Wuhan (repatriated),Recovered,
3/22/2020,Wuhan (repatriated),Confirmed,3
3/22/2020,Wuhan (repatriated),Deaths,0
3/22/2020,Wuhan (repatriated),Serious,
3/22/2020,Wuhan (repatriated),Critical,
3/22/2020,Wuhan (repatriated),Recovered,
3/17/20,Wyoming,Confirmed,11
3/17/20,Wyoming,Deaths,0
3/17/20,Wyoming,Serious,
3/17/20,Wyoming,Critical,
3/17/20,Wyoming,Recovered,
3/18/20,Wyoming,Confirmed,11
3/18/20,Wyoming,Deaths,0
3/18/20,Wyoming,Serious,
3/18/20,Wyoming,Critical,
3/18/20,Wyoming,Recovered,
3/19/2020,Wyoming,Confirmed,18
3/19/2020,Wyoming,Deaths,0
3/19/2020,Wyoming,Serious,
3/19/2020,Wyoming,Critical,
3/19/2020,Wyoming,Recovered,
3/20/2020,Wyoming,Confirmed,20
3/20/2020,Wyoming,Deaths,0
3/20/2020,Wyoming,Serious,
3/20/2020,Wyoming,Critical,
3/20/2020,Wyoming,Recovered,
3/21/2020,Wyoming,Confirmed,24
3/21/2020,Wyoming,Deaths,0
3/21/2020,Wyoming,Serious,
3/21/2020,Wyoming,Critical,
3/21/2020,Wyoming,Recovered,
3/22/2020,Wyoming,Confirmed,24
3/22/2020,Wyoming,Deaths,0
3/22/2020,Wyoming,Serious,
3/22/2020,Wyoming,Critical,
3/22/2020,Wyoming,Recovered,
