Date,Country,Type,Cases
3/17/20,Afghanistan,Confirmed,21
3/17/20,Afghanistan,Deaths,0
3/17/20,Afghanistan,Recovered,1
3/18/20,Afghanistan,Confirmed,22
3/18/20,Afghanistan,Deaths,0
3/18/20,Afghanistan,Recovered,
3/19/2020,Afghanistan,Confirmed,22
3/19/2020,Afghanistan,Deaths,0
3/19/2020,Afghanistan,Recovered,1
3/17/20,Albania,Confirmed,55
3/17/20,Albania,Deaths,1
3/17/20,Albania,Recovered,0
3/18/20,Albania,Confirmed,59
3/18/20,Albania,Deaths,2
3/18/20,Albania,Recovered,
3/19/2020,Albania,Confirmed,64
3/19/2020,Albania,Deaths,2
3/19/2020,Albania,Recovered,0
3/17/20,Algeria,Confirmed,61
3/17/20,Algeria,Deaths,5
3/17/20,Algeria,Recovered,10
3/18/20,Algeria,Confirmed,75
3/18/20,Algeria,Deaths,7
3/18/20,Algeria,Recovered,
3/19/2020,Algeria,Confirmed,75
3/19/2020,Algeria,Deaths,7
3/19/2020,Algeria,Recovered,32
3/17/20,Andorra,Confirmed,14
3/17/20,Andorra,Deaths,0
3/17/20,Andorra,Recovered,0
3/18/20,Andorra,Confirmed,53
3/18/20,Andorra,Deaths,0
3/18/20,Andorra,Recovered,
3/19/2020,Andorra,Confirmed,53
3/19/2020,Andorra,Deaths,0
3/19/2020,Andorra,Recovered,1
3/17/20,Antigua and Barbuda,Confirmed,1
3/17/20,Antigua and Barbuda,Deaths,0
3/17/20,Antigua and Barbuda,Recovered,0
3/18/20,Antigua and Barbuda,Confirmed,1
3/18/20,Antigua and Barbuda,Deaths,0
3/18/20,Antigua and Barbuda,Recovered,
3/19/2020,Antigua and Barbuda,Confirmed,1
3/19/2020,Antigua and Barbuda,Deaths,0
3/19/2020,Antigua and Barbuda,Recovered,0
3/17/20,Argentina,Confirmed,79
3/17/20,Argentina,Deaths,2
3/17/20,Argentina,Recovered,3
3/18/20,Argentina,Confirmed,97
3/18/20,Argentina,Deaths,2
3/18/20,Argentina,Recovered,
3/19/2020,Argentina,Confirmed,97
3/19/2020,Argentina,Deaths,3
3/19/2020,Argentina,Recovered,3
3/17/20,Armenia,Confirmed,72
3/17/20,Armenia,Deaths,0
3/17/20,Armenia,Recovered,1
3/18/20,Armenia,Confirmed,110
3/18/20,Armenia,Deaths,0
3/18/20,Armenia,Recovered,
3/19/2020,Armenia,Confirmed,122
3/19/2020,Armenia,Deaths,0
3/19/2020,Armenia,Recovered,1
3/17/20,Australia,Confirmed,452
3/17/20,Australia,Deaths,5
3/17/20,Australia,Recovered,27
3/18/20,Australia,Confirmed,596
3/18/20,Australia,Deaths,6
3/18/20,Australia,Recovered,2
3/19/2020,Australia,Confirmed,709
3/19/2020,Australia,Deaths,6
3/19/2020,Australia,Recovered,46
3/17/20,Austria,Confirmed,1332
3/17/20,Austria,Deaths,3
3/17/20,Austria,Recovered,9
3/18/20,Austria,Confirmed,1646
3/18/20,Austria,Deaths,4
3/18/20,Austria,Recovered,
3/19/2020,Austria,Confirmed,"2,013"
3/19/2020,Austria,Deaths,6
3/19/2020,Austria,Recovered,9
3/17/20,Azerbaijan,Confirmed,34
3/17/20,Azerbaijan,Deaths,1
3/17/20,Azerbaijan,Recovered,6
3/18/20,Azerbaijan,Confirmed,34
3/18/20,Azerbaijan,Deaths,1
3/18/20,Azerbaijan,Recovered,
3/19/2020,Azerbaijan,Confirmed,34
3/19/2020,Azerbaijan,Deaths,1
3/19/2020,Azerbaijan,Recovered,10
3/17/20,Bahamas,Confirmed,1
3/17/20,Bahamas,Deaths,0
3/17/20,Bahamas,Recovered,0
3/18/20,Bahamas,Confirmed,1
3/18/20,Bahamas,Deaths,0
3/18/20,Bahamas,Recovered,
3/19/2020,Bahamas,Confirmed,1
3/19/2020,Bahamas,Deaths,0
3/19/2020,Bahamas,Recovered,0
3/17/20,Bahrain,Confirmed,242
3/17/20,Bahrain,Deaths,1
3/17/20,Bahrain,Recovered,88
3/18/20,Bahrain,Confirmed,256
3/18/20,Bahrain,Deaths,1
3/18/20,Bahrain,Recovered,
3/19/2020,Bahrain,Confirmed,269
3/19/2020,Bahrain,Deaths,1
3/19/2020,Bahrain,Recovered,100
3/17/20,Bangladesh,Confirmed,8
3/17/20,Bangladesh,Deaths,0
3/17/20,Bangladesh,Recovered,3
3/18/20,Bangladesh,Confirmed,14
3/18/20,Bangladesh,Deaths,1
3/18/20,Bangladesh,Recovered,
3/19/2020,Bangladesh,Confirmed,18
3/19/2020,Bangladesh,Deaths,1
3/19/2020,Bangladesh,Recovered,3
3/17/20,Barbados,Confirmed,2
3/17/20,Barbados,Deaths,0
3/17/20,Barbados,Recovered,0
3/18/20,Barbados,Confirmed,2
3/18/20,Barbados,Deaths,0
3/18/20,Barbados,Recovered,
3/19/2020,Barbados,Confirmed,2
3/19/2020,Barbados,Deaths,0
3/19/2020,Barbados,Recovered,0
3/17/20,Belarus,Confirmed,36
3/17/20,Belarus,Deaths,0
3/17/20,Belarus,Recovered,3
3/18/20,Belarus,Confirmed,51
3/18/20,Belarus,Deaths,0
3/18/20,Belarus,Recovered,
3/19/2020,Belarus,Confirmed,51
3/19/2020,Belarus,Deaths,0
3/19/2020,Belarus,Recovered,5
3/17/20,Belgium,Confirmed,1243
3/17/20,Belgium,Deaths,10
3/17/20,Belgium,Recovered,14
3/18/20,Belgium,Confirmed,1486
3/18/20,Belgium,Deaths,14
3/18/20,Belgium,Recovered,
3/19/2020,Belgium,Confirmed,"1,795"
3/19/2020,Belgium,Deaths,21
3/19/2020,Belgium,Recovered,31
3/17/20,Benin,Confirmed,1
3/17/20,Benin,Deaths,0
3/17/20,Benin,Recovered,0
3/18/20,Benin,Confirmed,2
3/18/20,Benin,Deaths,0
3/18/20,Benin,Recovered,
3/19/2020,Benin,Confirmed,2
3/19/2020,Benin,Deaths,0
3/19/2020,Benin,Recovered,0
3/17/20,Bhutan,Confirmed,1
3/17/20,Bhutan,Deaths,0
3/17/20,Bhutan,Recovered,0
3/18/20,Bhutan,Confirmed,1
3/18/20,Bhutan,Deaths,0
3/18/20,Bhutan,Recovered,
3/19/2020,Bhutan,Confirmed,1
3/19/2020,Bhutan,Deaths,0
3/19/2020,Bhutan,Recovered,0
3/17/20,Bolivia,Confirmed,12
3/17/20,Bolivia,Deaths,0
3/17/20,Bolivia,Recovered,0
3/18/20,Bolivia,Confirmed,12
3/18/20,Bolivia,Deaths,0
3/18/20,Bolivia,Recovered,
3/19/2020,Bolivia,Confirmed,15
3/19/2020,Bolivia,Deaths,0
3/19/2020,Bolivia,Recovered,0
3/17/20,Bosnia and Herzegovina,Confirmed,34
3/17/20,Bosnia and Herzegovina,Deaths,0
3/17/20,Bosnia and Herzegovina,Recovered,2
3/18/20,Bosnia and Herzegovina,Confirmed,39
3/18/20,Bosnia and Herzegovina,Deaths,0
3/18/20,Bosnia and Herzegovina,Recovered,
3/19/2020,Bosnia and Herzegovina,Confirmed,45
3/19/2020,Bosnia and Herzegovina,Deaths,0
3/19/2020,Bosnia and Herzegovina,Recovered,2
3/17/20,Brazil,Confirmed,346
3/17/20,Brazil,Deaths,1
3/17/20,Brazil,Recovered,2
3/18/20,Brazil,Confirmed,529
3/18/20,Brazil,Deaths,4
3/18/20,Brazil,Recovered,
3/19/2020,Brazil,Confirmed,529
3/19/2020,Brazil,Deaths,4
3/19/2020,Brazil,Recovered,2
3/17/20,Brunei,Confirmed,56
3/17/20,Brunei,Deaths,0
3/17/20,Brunei,Recovered,0
3/18/20,Brunei,Confirmed,68
3/18/20,Brunei,Deaths,0
3/18/20,Brunei,Recovered,
3/19/2020,Brunei,Confirmed,73
3/19/2020,Brunei,Deaths,0
3/19/2020,Brunei,Recovered,0
3/17/20,Bulgaria,Confirmed,81
3/17/20,Bulgaria,Deaths,2
3/17/20,Bulgaria,Recovered,0
3/18/20,Bulgaria,Confirmed,92
3/18/20,Bulgaria,Deaths,2
3/18/20,Bulgaria,Recovered,
3/19/2020,Bulgaria,Confirmed,94
3/19/2020,Bulgaria,Deaths,3
3/19/2020,Bulgaria,Recovered,0
3/17/20,Burkina Faso,Confirmed,15
3/17/20,Burkina Faso,Deaths,0
3/17/20,Burkina Faso,Recovered,0
3/18/20,Burkina Faso,Confirmed,20
3/18/20,Burkina Faso,Deaths,1
3/18/20,Burkina Faso,Recovered,
3/19/2020,Burkina Faso,Confirmed,27
3/19/2020,Burkina Faso,Deaths,1
3/19/2020,Burkina Faso,Recovered,0
3/17/20,Cambodia,Confirmed,33
3/17/20,Cambodia,Deaths,0
3/17/20,Cambodia,Recovered,1
3/18/20,Cambodia,Confirmed,37
3/18/20,Cambodia,Deaths,0
3/18/20,Cambodia,Recovered,
3/19/2020,Cambodia,Confirmed,37
3/19/2020,Cambodia,Deaths,0
3/19/2020,Cambodia,Recovered,1
3/17/20,Cameroon,Confirmed,10
3/17/20,Cameroon,Deaths,0
3/17/20,Cameroon,Recovered,0
3/18/20,Cameroon,Confirmed,13
3/18/20,Cameroon,Deaths,0
3/18/20,Cameroon,Recovered,
3/19/2020,Cameroon,Confirmed,13
3/19/2020,Cameroon,Deaths,0
3/19/2020,Cameroon,Recovered,0
3/17/20,Canada,Confirmed,598
3/17/20,Canada,Deaths,8
3/17/20,Canada,Recovered,11
3/18/20,Canada,Confirmed,727
3/18/20,Canada,Deaths,9
3/18/20,Canada,Recovered,3
3/19/2020,Canada,Confirmed,727
3/19/2020,Canada,Deaths,9
3/19/2020,Canada,Recovered,11
3/17/20,Central African Republic,Confirmed,1
3/17/20,Central African Republic,Deaths,0
3/17/20,Central African Republic,Recovered,0
3/18/20,Central African Republic,Confirmed,1
3/18/20,Central African Republic,Deaths,0
3/18/20,Central African Republic,Recovered,
3/19/2020,Central African Republic,Confirmed,1
3/19/2020,Central African Republic,Deaths,0
3/19/2020,Central African Republic,Recovered,0
3/19/2020,Chad,Confirmed,1
3/19/2020,Chad,Deaths,0
3/19/2020,Chad,Recovered,0
3/17/20,Chile,Confirmed,201
3/17/20,Chile,Deaths,0
3/17/20,Chile,Recovered,0
3/18/20,Chile,Confirmed,238
3/18/20,Chile,Deaths,0
3/18/20,Chile,Recovered,
3/19/2020,Chile,Confirmed,342
3/19/2020,Chile,Deaths,0
3/19/2020,Chile,Recovered,0
3/17/20,China,Confirmed,"80,894"
3/17/20,China,Deaths,"3,237"
3/17/20,China,Recovered,"69,614"
3/18/20,China,Confirmed,"80,928"
3/18/20,China,Deaths,"3,245"
3/18/20,China,Recovered,23
3/19/2020,China,Confirmed,"80,928"
3/19/2020,China,Deaths,"3,245"
3/19/2020,China,Recovered,"70,420"
3/17/20,Colombia,Confirmed,65
3/17/20,Colombia,Deaths,0
3/17/20,Colombia,Recovered,1
3/18/20,Colombia,Confirmed,93
3/18/20,Colombia,Deaths,0
3/18/20,Colombia,Recovered,
3/19/2020,Colombia,Confirmed,102
3/19/2020,Colombia,Deaths,0
3/19/2020,Colombia,Recovered,1
3/17/20,Costa Rica,Confirmed,50
3/17/20,Costa Rica,Deaths,0
3/17/20,Costa Rica,Recovered,0
3/18/20,Costa Rica,Confirmed,69
3/18/20,Costa Rica,Deaths,1
3/18/20,Costa Rica,Recovered,
3/19/2020,Costa Rica,Confirmed,69
3/19/2020,Costa Rica,Deaths,1
3/19/2020,Costa Rica,Recovered,0
3/17/20,Croatia,Confirmed,69
3/17/20,Croatia,Deaths,0
3/17/20,Croatia,Recovered,5
3/18/20,Croatia,Confirmed,89
3/18/20,Croatia,Deaths,0
3/18/20,Croatia,Recovered,
3/19/2020,Croatia,Confirmed,99
3/19/2020,Croatia,Deaths,1
3/19/2020,Croatia,Recovered,5
3/17/20,Cuba,Confirmed,5
3/17/20,Cuba,Deaths,0
3/17/20,Cuba,Recovered,0
3/18/20,Cuba,Confirmed,10
3/18/20,Cuba,Deaths,0
3/18/20,Cuba,Recovered,
3/19/2020,Cuba,Confirmed,11
3/19/2020,Cuba,Deaths,1
3/19/2020,Cuba,Recovered,0
3/17/20,Cyprus,Confirmed,49
3/17/20,Cyprus,Deaths,0
3/17/20,Cyprus,Recovered,0
3/18/20,Cyprus,Confirmed,58
3/18/20,Cyprus,Deaths,0
3/18/20,Cyprus,Recovered,
3/19/2020,Cyprus,Confirmed,58
3/19/2020,Cyprus,Deaths,0
3/19/2020,Cyprus,Recovered,0
3/17/20,Czech Republic,Confirmed,434
3/17/20,Czech Republic,Deaths,0
3/17/20,Czech Republic,Recovered,3
3/18/20,Czech Republic,Confirmed,522
3/18/20,Czech Republic,Deaths,0
3/18/20,Czech Republic,Recovered,
3/19/2020,Czech Republic,Confirmed,631
3/19/2020,Czech Republic,Deaths,0
3/19/2020,Czech Republic,Recovered,3
3/17/20,Denmark,Confirmed,"1,025"
3/17/20,Denmark,Deaths,4
3/17/20,Denmark,Recovered,
3/18/20,Denmark,Confirmed,1117
3/18/20,Denmark,Deaths,4
3/18/20,Denmark,Recovered,
3/19/2020,Denmark,Confirmed,"1,206"
3/19/2020,Denmark,Deaths,6
3/19/2020,Denmark,Recovered,
3/17/20,Diamond Princess,Confirmed,712
3/17/20,Diamond Princess,Deaths,7
3/17/20,Diamond Princess,Recovered,508
3/18/20,Diamond Princess,Confirmed,712
3/18/20,Diamond Princess,Deaths,7
3/18/20,Diamond Princess,Recovered,
3/19/2020,Diamond Princess,Confirmed,712
3/19/2020,Diamond Princess,Deaths,8
3/19/2020,Diamond Princess,Recovered,551
3/18/20,Djibouti,Confirmed,1
3/18/20,Djibouti,Deaths,0
3/18/20,Djibouti,Recovered,
3/19/2020,Djibouti,Confirmed,1
3/19/2020,Djibouti,Deaths,0
3/19/2020,Djibouti,Recovered,0
3/17/20,Dominican Republic,Confirmed,21
3/17/20,Dominican Republic,Deaths,1
3/17/20,Dominican Republic,Recovered,0
3/18/20,Dominican Republic,Confirmed,34
3/18/20,Dominican Republic,Deaths,2
3/18/20,Dominican Republic,Recovered,
3/19/2020,Dominican Republic,Confirmed,34
3/19/2020,Dominican Republic,Deaths,2
3/19/2020,Dominican Republic,Recovered,0
3/17/20,DR Congo,Confirmed,3
3/17/20,DR Congo,Deaths,0
3/17/20,DR Congo,Recovered,0
3/18/20,DR Congo,Confirmed,7
3/18/20,DR Congo,Deaths,0
3/18/20,DR Congo,Recovered,
3/19/2020,DR Congo,Confirmed,14
3/19/2020,DR Congo,Deaths,0
3/19/2020,DR Congo,Recovered,0
3/17/20,Ecuador,Confirmed,111
3/17/20,Ecuador,Deaths,2
3/17/20,Ecuador,Recovered,0
3/18/20,Ecuador,Confirmed,155
3/18/20,Ecuador,Deaths,2
3/18/20,Ecuador,Recovered,
3/19/2020,Ecuador,Confirmed,168
3/19/2020,Ecuador,Deaths,3
3/19/2020,Ecuador,Recovered,1
3/17/20,Egypt,Confirmed,196
3/17/20,Egypt,Deaths,6
3/17/20,Egypt,Recovered,32
3/18/20,Egypt,Confirmed,210
3/18/20,Egypt,Deaths,6
3/18/20,Egypt,Recovered,
3/19/2020,Egypt,Confirmed,210
3/19/2020,Egypt,Deaths,6
3/19/2020,Egypt,Recovered,32
3/18/20,El Salvador,Confirmed,1
3/18/20,El Salvador,Deaths,0
3/18/20,El Salvador,Recovered,
3/19/2020,El Salvador,Confirmed,1
3/19/2020,El Salvador,Deaths,0
3/19/2020,El Salvador,Recovered,0
3/17/20,Equatorial Guinea,Confirmed,1
3/17/20,Equatorial Guinea,Deaths,0
3/17/20,Equatorial Guinea,Recovered,0
3/18/20,Equatorial Guinea,Confirmed,4
3/18/20,Equatorial Guinea,Deaths,0
3/18/20,Equatorial Guinea,Recovered,
3/19/2020,Equatorial Guinea,Confirmed,4
3/19/2020,Equatorial Guinea,Deaths,0
3/19/2020,Equatorial Guinea,Recovered,0
3/17/20,Estonia,Confirmed,225
3/17/20,Estonia,Deaths,0
3/17/20,Estonia,Recovered,1
3/18/20,Estonia,Confirmed,258
3/18/20,Estonia,Deaths,0
3/18/20,Estonia,Recovered,
3/19/2020,Estonia,Confirmed,267
3/19/2020,Estonia,Deaths,0
3/19/2020,Estonia,Recovered,1
3/17/20,Eswatini,Confirmed,1
3/17/20,Eswatini,Deaths,0
3/17/20,Eswatini,Recovered,0
3/18/20,Eswatini,Confirmed,1
3/18/20,Eswatini,Deaths,0
3/18/20,Eswatini,Recovered,
3/19/2020,Eswatini,Confirmed,1
3/19/2020,Eswatini,Deaths,0
3/19/2020,Eswatini,Recovered,0
3/17/20,Ethiopia,Confirmed,5
3/17/20,Ethiopia,Deaths,0
3/17/20,Ethiopia,Recovered,0
3/18/20,Ethiopia,Confirmed,6
3/18/20,Ethiopia,Deaths,0
3/18/20,Ethiopia,Recovered,
3/19/2020,Ethiopia,Confirmed,6
3/19/2020,Ethiopia,Deaths,0
3/19/2020,Ethiopia,Recovered,0
3/18/20,Fiji,Confirmed,1
3/18/20,Fiji,Deaths,0
3/18/20,Fiji,Recovered,
3/19/2020,Fiji,Confirmed,1
3/19/2020,Fiji,Deaths,0
3/19/2020,Fiji,Recovered,0
3/17/20,Finland,Confirmed,322
3/17/20,Finland,Deaths,0
3/17/20,Finland,Recovered,10
3/18/20,Finland,Confirmed,359
3/18/20,Finland,Deaths,0
3/18/20,Finland,Recovered,0
3/19/2020,Finland,Confirmed,400
3/19/2020,Finland,Deaths,0
3/19/2020,Finland,Recovered,10
3/17/20,France,Confirmed,"7,730"
3/17/20,France,Deaths,175
3/17/20,France,Recovered,602
3/18/20,France,Confirmed,"9,134"
3/18/20,France,Deaths,264
3/18/20,France,Recovered,39
3/19/2020,France,Confirmed,"9,134"
3/19/2020,France,Deaths,264
3/19/2020,France,Recovered,602
3/17/20,Gabon,Confirmed,1
3/17/20,Gabon,Deaths,0
3/17/20,Gabon,Recovered,0
3/18/20,Gabon,Confirmed,3
3/18/20,Gabon,Deaths,0
3/18/20,Gabon,Recovered,
3/19/2020,Gabon,Confirmed,3
3/19/2020,Gabon,Deaths,0
3/19/2020,Gabon,Recovered,0
3/17/20,Gambia,Confirmed,1
3/17/20,Gambia,Deaths,0
3/17/20,Gambia,Recovered,0
3/18/20,Gambia,Confirmed,1
3/18/20,Gambia,Deaths,0
3/18/20,Gambia,Recovered,
3/19/2020,Gambia,Confirmed,1
3/19/2020,Gambia,Deaths,0
3/19/2020,Gambia,Recovered,0
3/17/20,Georgia,Confirmed,35
3/17/20,Georgia,Deaths,0
3/17/20,Georgia,Recovered,1
3/18/20,Georgia,Confirmed,38
3/18/20,Georgia,Deaths,0
3/18/20,Georgia,Recovered,
3/19/2020,Georgia,Confirmed,40
3/19/2020,Georgia,Deaths,0
3/19/2020,Georgia,Recovered,1
3/17/20,Germany,Confirmed,"9,360"
3/17/20,Germany,Deaths,26
3/17/20,Germany,Recovered,71
3/18/20,Germany,Confirmed,12327
3/18/20,Germany,Deaths,28
3/18/20,Germany,Recovered,3
3/19/2020,Germany,Confirmed,"14,259"
3/19/2020,Germany,Deaths,43
3/19/2020,Germany,Recovered,113
3/17/20,Ghana,Confirmed,6
3/17/20,Ghana,Deaths,0
3/17/20,Ghana,Recovered,0
3/18/20,Ghana,Confirmed,7
3/18/20,Ghana,Deaths,0
3/18/20,Ghana,Recovered,
3/19/2020,Ghana,Confirmed,9
3/19/2020,Ghana,Deaths,0
3/19/2020,Ghana,Recovered,0
3/17/20,Greece,Confirmed,387
3/17/20,Greece,Deaths,5
3/17/20,Greece,Recovered,10
3/18/20,Greece,Confirmed,418
3/18/20,Greece,Deaths,5
3/18/20,Greece,Recovered,
3/19/2020,Greece,Confirmed,418
3/19/2020,Greece,Deaths,5
3/19/2020,Greece,Recovered,14
3/17/20,Guatemala,Confirmed,8
3/17/20,Guatemala,Deaths,1
3/17/20,Guatemala,Recovered,0
3/18/20,Guatemala,Confirmed,8
3/18/20,Guatemala,Deaths,1
3/18/20,Guatemala,Recovered,
3/19/2020,Guatemala,Confirmed,8
3/19/2020,Guatemala,Deaths,1
3/19/2020,Guatemala,Recovered,0
3/17/20,Guinea,Confirmed,1
3/17/20,Guinea,Deaths,0
3/17/20,Guinea,Recovered,0
3/18/20,Guinea,Confirmed,1
3/18/20,Guinea,Deaths,0
3/18/20,Guinea,Recovered,
3/19/2020,Guinea,Confirmed,1
3/19/2020,Guinea,Deaths,0
3/19/2020,Guinea,Recovered,0
3/17/20,Guyana,Confirmed,7
3/17/20,Guyana,Deaths,1
3/17/20,Guyana,Recovered,0
3/18/20,Guyana,Confirmed,4
3/18/20,Guyana,Deaths,1
3/18/20,Guyana,Recovered,
3/19/2020,Guyana,Confirmed,4
3/19/2020,Guyana,Deaths,1
3/19/2020,Guyana,Recovered,0
3/17/20,Honduras,Confirmed,6
3/17/20,Honduras,Deaths,0
3/17/20,Honduras,Recovered,0
3/18/20,Honduras,Confirmed,9
3/18/20,Honduras,Deaths,0
3/18/20,Honduras,Recovered,
3/19/2020,Honduras,Confirmed,12
3/19/2020,Honduras,Deaths,0
3/19/2020,Honduras,Recovered,0
3/17/20,Hong Kong,Confirmed,167
3/17/20,Hong Kong,Deaths,4
3/17/20,Hong Kong,Recovered,92
3/18/20,Hong Kong,Confirmed,192
3/18/20,Hong Kong,Deaths,4
3/18/20,Hong Kong,Recovered,
3/19/2020,Hong Kong,Confirmed,208
3/19/2020,Hong Kong,Deaths,4
3/19/2020,Hong Kong,Recovered,98
3/17/20,Hungary,Confirmed,50
3/17/20,Hungary,Deaths,1
3/17/20,Hungary,Recovered,2
3/18/20,Hungary,Confirmed,58
3/18/20,Hungary,Deaths,1
3/18/20,Hungary,Recovered,
3/19/2020,Hungary,Confirmed,73
3/19/2020,Hungary,Deaths,1
3/19/2020,Hungary,Recovered,2
3/17/20,Iceland,Confirmed,247
3/17/20,Iceland,Deaths,0
3/17/20,Iceland,Recovered,0
3/18/20,Iceland,Confirmed,250
3/18/20,Iceland,Deaths,0
3/18/20,Iceland,Recovered,0
3/19/2020,Iceland,Confirmed,330
3/19/2020,Iceland,Deaths,0
3/19/2020,Iceland,Recovered,5
3/17/20,India,Confirmed,147
3/17/20,India,Deaths,3
3/17/20,India,Recovered,14
3/18/20,India,Confirmed,151
3/18/20,India,Deaths,3
3/18/20,India,Recovered,
3/19/2020,India,Confirmed,173
3/19/2020,India,Deaths,4
3/19/2020,India,Recovered,20
3/17/20,Indonesia,Confirmed,172
3/17/20,Indonesia,Deaths,5
3/17/20,Indonesia,Recovered,9
3/18/20,Indonesia,Confirmed,227
3/18/20,Indonesia,Deaths,19
3/18/20,Indonesia,Recovered,
3/19/2020,Indonesia,Confirmed,309
3/19/2020,Indonesia,Deaths,25
3/19/2020,Indonesia,Recovered,15
3/17/20,Iran,Confirmed,16169
3/17/20,Iran,Deaths,988
3/17/20,Iran,Recovered,5389
3/18/20,Iran,Confirmed,17361
3/18/20,Iran,Deaths,1135
3/18/20,Iran,Recovered,140
3/19/2020,Iran,Confirmed,"18,407"
3/19/2020,Iran,Deaths,"1,284"
3/19/2020,Iran,Recovered,"5,710"
3/17/20,Iraq,Confirmed,154
3/17/20,Iraq,Deaths,11
3/17/20,Iraq,Recovered,41
3/18/20,Iraq,Confirmed,164
3/18/20,Iraq,Deaths,12
3/18/20,Iraq,Recovered,
3/19/2020,Iraq,Confirmed,164
3/19/2020,Iraq,Deaths,12
3/19/2020,Iraq,Recovered,41
3/17/20,Ireland,Confirmed,292
3/17/20,Ireland,Deaths,2
3/17/20,Ireland,Recovered,5
3/18/20,Ireland,Confirmed,366
3/18/20,Ireland,Deaths,2
3/18/20,Ireland,Recovered,
3/19/2020,Ireland,Confirmed,366
3/19/2020,Ireland,Deaths,2
3/19/2020,Ireland,Recovered,5
3/17/20,Israel,Confirmed,324
3/17/20,Israel,Deaths,0
3/17/20,Israel,Recovered,11
3/18/20,Israel,Confirmed,433
3/18/20,Israel,Deaths,0
3/18/20,Israel,Recovered,0
3/19/2020,Israel,Confirmed,529
3/19/2020,Israel,Deaths,0
3/19/2020,Israel,Recovered,12
3/17/20,Italy,Confirmed,31506
3/17/20,Italy,Deaths,2503
3/17/20,Italy,Recovered,2941
3/18/20,Italy,Confirmed,35713
3/18/20,Italy,Deaths,2978
3/18/20,Italy,Recovered,492
3/19/2020,Italy,Confirmed,35713
3/19/2020,Italy,Deaths,2978
3/19/2020,Italy,Recovered,"4,025"
3/17/20,Ivory Coast,Confirmed,4
3/17/20,Ivory Coast,Deaths,0
3/17/20,Ivory Coast,Recovered,0
3/18/20,Ivory Coast,Confirmed,9
3/18/20,Ivory Coast,Deaths,0
3/18/20,Ivory Coast,Recovered,
3/19/2020,Ivory Coast,Confirmed,9
3/19/2020,Ivory Coast,Deaths,0
3/19/2020,Ivory Coast,Recovered,1
3/17/20,Jamaica,Confirmed,15
3/17/20,Jamaica,Deaths,0
3/17/20,Jamaica,Recovered,2
3/18/20,Jamaica,Confirmed,15
3/18/20,Jamaica,Deaths,1
3/18/20,Jamaica,Recovered,
3/19/2020,Jamaica,Confirmed,15
3/19/2020,Jamaica,Deaths,1
3/19/2020,Jamaica,Recovered,2
3/17/20,Japan,Confirmed,878
3/17/20,Japan,Deaths,28
3/17/20,Japan,Recovered,164
3/18/20,Japan,Confirmed,899
3/18/20,Japan,Deaths,29
3/18/20,Japan,Recovered,2
3/19/2020,Japan,Confirmed,923
3/19/2020,Japan,Deaths,32
3/19/2020,Japan,Recovered,191
3/17/20,Jordan,Confirmed,48
3/17/20,Jordan,Deaths,0
3/17/20,Jordan,Recovered,1
3/18/20,Jordan,Confirmed,56
3/18/20,Jordan,Deaths,0
3/18/20,Jordan,Recovered,
3/19/2020,Jordan,Confirmed,56
3/19/2020,Jordan,Deaths,0
3/19/2020,Jordan,Recovered,1
3/17/20,Kazakhstan,Confirmed,33
3/17/20,Kazakhstan,Deaths,0
3/17/20,Kazakhstan,Recovered,0
3/18/20,Kazakhstan,Confirmed,36
3/18/20,Kazakhstan,Deaths,0
3/18/20,Kazakhstan,Recovered,
3/19/2020,Kazakhstan,Confirmed,44
3/19/2020,Kazakhstan,Deaths,0
3/19/2020,Kazakhstan,Recovered,0
3/17/20,Kenya,Confirmed,4
3/17/20,Kenya,Deaths,0
3/17/20,Kenya,Recovered,0
3/18/20,Kenya,Confirmed,7
3/18/20,Kenya,Deaths,0
3/18/20,Kenya,Recovered,
3/19/2020,Kenya,Confirmed,7
3/19/2020,Kenya,Deaths,0
3/19/2020,Kenya,Recovered,0
3/17/20,Kosovo,Confirmed,13
3/17/20,Kosovo,Deaths,0
3/17/20,Kosovo,Recovered,0
3/18/20,Kosovo,Confirmed,13
3/18/20,Kosovo,Deaths,0
3/18/20,Kosovo,Recovered,
3/19/2020,Kosovo,Confirmed,13
3/19/2020,Kosovo,Deaths,0
3/19/2020,Kosovo,Recovered,0
3/17/20,Kuwait,Confirmed,130
3/17/20,Kuwait,Deaths,0
3/17/20,Kuwait,Recovered,12
3/18/20,Kuwait,Confirmed,142
3/18/20,Kuwait,Deaths,0
3/18/20,Kuwait,Recovered,
3/19/2020,Kuwait,Confirmed,148
3/19/2020,Kuwait,Deaths,0
3/19/2020,Kuwait,Recovered,18
3/18/20,Kyrgyzstan,Confirmed,3
3/18/20,Kyrgyzstan,Deaths,0
3/18/20,Kyrgyzstan,Recovered,
3/19/2020,Kyrgyzstan,Confirmed,3
3/19/2020,Kyrgyzstan,Deaths,0
3/19/2020,Kyrgyzstan,Recovered,0
3/17/20,Latvia,Confirmed,60
3/17/20,Latvia,Deaths,0
3/17/20,Latvia,Recovered,1
3/18/20,Latvia,Confirmed,71
3/18/20,Latvia,Deaths,0
3/18/20,Latvia,Recovered,
3/19/2020,Latvia,Confirmed,86
3/19/2020,Latvia,Deaths,0
3/19/2020,Latvia,Recovered,1
3/17/20,Lebanon,Confirmed,125
3/17/20,Lebanon,Deaths,4
3/17/20,Lebanon,Recovered,4
3/18/20,Lebanon,Confirmed,133
3/18/20,Lebanon,Deaths,4
3/18/20,Lebanon,Recovered,
3/19/2020,Lebanon,Confirmed,149
3/19/2020,Lebanon,Deaths,4
3/19/2020,Lebanon,Recovered,4
3/17/20,Liberia,Confirmed,2
3/17/20,Liberia,Deaths,0
3/17/20,Liberia,Recovered,0
3/18/20,Liberia,Confirmed,2
3/18/20,Liberia,Deaths,0
3/18/20,Liberia,Recovered,
3/19/2020,Liberia,Confirmed,2
3/19/2020,Liberia,Deaths,0
3/19/2020,Liberia,Recovered,0
3/17/20,Liechtenstein,Confirmed,7
3/17/20,Liechtenstein,Deaths,0
3/17/20,Liechtenstein,Recovered,0
3/18/20,Liechtenstein,Confirmed,28
3/18/20,Liechtenstein,Deaths,0
3/18/20,Liechtenstein,Recovered,
3/19/2020,Liechtenstein,Confirmed,28
3/19/2020,Liechtenstein,Deaths,0
3/19/2020,Liechtenstein,Recovered,0
3/17/20,Lithuania,Confirmed,26
3/17/20,Lithuania,Deaths,0
3/17/20,Lithuania,Recovered,1
3/18/20,Lithuania,Confirmed,33
3/18/20,Lithuania,Deaths,0
3/18/20,Lithuania,Recovered,
3/19/2020,Lithuania,Confirmed,36
3/19/2020,Lithuania,Deaths,0
3/19/2020,Lithuania,Recovered,1
3/17/20,Luxembourg,Confirmed,140
3/17/20,Luxembourg,Deaths,1
3/17/20,Luxembourg,Recovered,0
3/18/20,Luxembourg,Confirmed,203
3/18/20,Luxembourg,Deaths,2
3/18/20,Luxembourg,Recovered,
3/19/2020,Luxembourg,Confirmed,335
3/19/2020,Luxembourg,Deaths,4
3/19/2020,Luxembourg,Recovered,0
3/17/20,Macau,Confirmed,13
3/17/20,Macau,Deaths,0
3/17/20,Macau,Recovered,10
3/18/20,Macau,Confirmed,17
3/18/20,Macau,Deaths,0
3/18/20,Macau,Recovered,
3/19/2020,Macau,Confirmed,17
3/19/2020,Macau,Deaths,0
3/19/2020,Macau,Recovered,10
3/17/20,Malaysia,Confirmed,673
3/17/20,Malaysia,Deaths,2
3/17/20,Malaysia,Recovered,49
3/18/20,Malaysia,Confirmed,790
3/18/20,Malaysia,Deaths,2
3/18/20,Malaysia,Recovered,
3/19/2020,Malaysia,Confirmed,900
3/19/2020,Malaysia,Deaths,2
3/19/2020,Malaysia,Recovered,75
3/17/20,Maldives,Confirmed,13
3/17/20,Maldives,Deaths,0
3/17/20,Maldives,Recovered,0
3/18/20,Maldives,Confirmed,13
3/18/20,Maldives,Deaths,0
3/18/20,Maldives,Recovered,
3/19/2020,Maldives,Confirmed,13
3/19/2020,Maldives,Deaths,0
3/19/2020,Maldives,Recovered,0
3/17/20,Malta,Confirmed,38
3/17/20,Malta,Deaths,0
3/17/20,Malta,Recovered,2
3/18/20,Malta,Confirmed,48
3/18/20,Malta,Deaths,0
3/18/20,Malta,Recovered,
3/19/2020,Malta,Confirmed,48
3/19/2020,Malta,Deaths,0
3/19/2020,Malta,Recovered,2
3/17/20,Mauritania,Confirmed,1
3/17/20,Mauritania,Deaths,0
3/17/20,Mauritania,Recovered,0
3/18/20,Mauritania,Confirmed,2
3/18/20,Mauritania,Deaths,0
3/18/20,Mauritania,Recovered,
3/19/2020,Mauritania,Confirmed,2
3/19/2020,Mauritania,Deaths,0
3/19/2020,Mauritania,Recovered,0
3/18/20,Mauritius,Confirmed,3
3/18/20,Mauritius,Deaths,0
3/18/20,Mauritius,Recovered,
3/19/2020,Mauritius,Confirmed,3
3/19/2020,Mauritius,Deaths,0
3/19/2020,Mauritius,Recovered,0
3/17/20,Mexico,Confirmed,82
3/17/20,Mexico,Deaths,0
3/17/20,Mexico,Recovered,4
3/18/20,Mexico,Confirmed,93
3/18/20,Mexico,Deaths,0
3/18/20,Mexico,Recovered,
3/19/2020,Mexico,Confirmed,118
3/19/2020,Mexico,Deaths,0
3/19/2020,Mexico,Recovered,4
3/17/20,Moldova,Confirmed,29
3/17/20,Moldova,Deaths,0
3/17/20,Moldova,Recovered,1
3/18/20,Moldova,Confirmed,36
3/18/20,Moldova,Deaths,1
3/18/20,Moldova,Recovered,
3/19/2020,Moldova,Confirmed,36
3/19/2020,Moldova,Deaths,1
3/19/2020,Moldova,Recovered,1
3/17/20,Monaco,Confirmed,9
3/17/20,Monaco,Deaths,0
3/17/20,Monaco,Recovered,0
3/18/20,Monaco,Confirmed,9
3/18/20,Monaco,Deaths,0
3/18/20,Monaco,Recovered,
3/19/2020,Monaco,Confirmed,9
3/19/2020,Monaco,Deaths,0
3/19/2020,Monaco,Recovered,0
3/17/20,Mongolia,Confirmed,5
3/17/20,Mongolia,Deaths,0
3/17/20,Mongolia,Recovered,0
3/18/20,Mongolia,Confirmed,6
3/18/20,Mongolia,Deaths,0
3/18/20,Mongolia,Recovered,
3/19/2020,Mongolia,Confirmed,6
3/19/2020,Mongolia,Deaths,0
3/19/2020,Mongolia,Recovered,0
3/17/20,Montenegro,Confirmed,2
3/17/20,Montenegro,Deaths,0
3/17/20,Montenegro,Recovered,0
3/18/20,Montenegro,Confirmed,8
3/18/20,Montenegro,Deaths,0
3/18/20,Montenegro,Recovered,
3/19/2020,Montenegro,Confirmed,8
3/19/2020,Montenegro,Deaths,0
3/19/2020,Montenegro,Recovered,0
3/17/20,Morocco,Confirmed,44
3/17/20,Morocco,Deaths,2
3/17/20,Morocco,Recovered,1
3/18/20,Morocco,Confirmed,54
3/18/20,Morocco,Deaths,2
3/18/20,Morocco,Recovered,
3/19/2020,Morocco,Confirmed,58
3/19/2020,Morocco,Deaths,2
3/19/2020,Morocco,Recovered,1
3/17/20,Namibia,Confirmed,2
3/17/20,Namibia,Deaths,0
3/17/20,Namibia,Recovered,0
3/18/20,Namibia,Confirmed,2
3/18/20,Namibia,Deaths,0
3/18/20,Namibia,Recovered,
3/19/2020,Namibia,Confirmed,2
3/19/2020,Namibia,Deaths,0
3/19/2020,Namibia,Recovered,0
3/17/20,Nepal,Confirmed,1
3/17/20,Nepal,Deaths,0
3/17/20,Nepal,Recovered,1
3/18/20,Nepal,Confirmed,1
3/18/20,Nepal,Deaths,0
3/18/20,Nepal,Recovered,
3/19/2020,Nepal,Confirmed,1
3/19/2020,Nepal,Deaths,0
3/19/2020,Nepal,Recovered,1
3/17/20,Netherlands,Confirmed,"1,711"
3/17/20,Netherlands,Deaths,43
3/17/20,Netherlands,Recovered,
3/18/20,Netherlands,Confirmed,"2,059"
3/18/20,Netherlands,Deaths,58
3/18/20,Netherlands,Recovered,
3/19/2020,Netherlands,Confirmed,"2,468"
3/19/2020,Netherlands,Deaths,77
3/19/2020,Netherlands,Recovered,
3/17/20,New Zealand,Confirmed,20
3/17/20,New Zealand,Deaths,0
3/17/20,New Zealand,Recovered,0
3/18/20,New Zealand,Confirmed,28
3/18/20,New Zealand,Deaths,0
3/18/20,New Zealand,Recovered,0
3/19/2020,New Zealand,Confirmed,28
3/19/2020,New Zealand,Deaths,0
3/19/2020,New Zealand,Recovered,0
3/18/20,Nicaragua,Confirmed,1
3/18/20,Nicaragua,Deaths,0
3/18/20,Nicaragua,Recovered,
3/19/2020,Nicaragua,Confirmed,1
3/19/2020,Nicaragua,Deaths,0
3/19/2020,Nicaragua,Recovered,0
3/17/20,Nigeria,Confirmed,3
3/17/20,Nigeria,Deaths,0
3/17/20,Nigeria,Recovered,1
3/18/20,Nigeria,Confirmed,8
3/18/20,Nigeria,Deaths,0
3/18/20,Nigeria,Recovered,
3/19/2020,Nigeria,Confirmed,12
3/19/2020,Nigeria,Deaths,0
3/19/2020,Nigeria,Recovered,1
3/17/20,North Macedonia,Confirmed,32
3/17/20,North Macedonia,Deaths,0
3/17/20,North Macedonia,Recovered,1
3/18/20,North Macedonia,Confirmed,43
3/18/20,North Macedonia,Deaths,0
3/18/20,North Macedonia,Recovered,
3/19/2020,North Macedonia,Confirmed,49
3/19/2020,North Macedonia,Deaths,0
3/19/2020,North Macedonia,Recovered,1
3/17/20,Northern Cyprus,Confirmed,7
3/17/20,Northern Cyprus,Deaths,0
3/17/20,Northern Cyprus,Recovered,0
3/18/20,Northern Cyprus,Confirmed,20
3/18/20,Northern Cyprus,Deaths,0
3/18/20,Northern Cyprus,Recovered,
3/19/2020,Northern Cyprus,Confirmed,20
3/19/2020,Northern Cyprus,Deaths,0
3/19/2020,Northern Cyprus,Recovered,0
3/17/20,Norway,Confirmed,"1,470"
3/17/20,Norway,Deaths,3
3/17/20,Norway,Recovered,1
3/18/20,Norway,Confirmed,"1,590"
3/18/20,Norway,Deaths,6
3/18/20,Norway,Recovered,
3/19/2020,Norway,Confirmed,"1,738"
3/19/2020,Norway,Deaths,7
3/19/2020,Norway,Recovered,1
3/17/20,Oman,Confirmed,24
3/17/20,Oman,Deaths,0
3/17/20,Oman,Recovered,9
3/18/20,Oman,Confirmed,39
3/18/20,Oman,Deaths,0
3/18/20,Oman,Recovered,
3/19/2020,Oman,Confirmed,39
3/19/2020,Oman,Deaths,0
3/19/2020,Oman,Recovered,13
3/17/20,Pakistan,Confirmed,247
3/17/20,Pakistan,Deaths,1
3/17/20,Pakistan,Recovered,2
3/18/20,Pakistan,Confirmed,307
3/18/20,Pakistan,Deaths,1
3/18/20,Pakistan,Recovered,
3/19/2020,Pakistan,Confirmed,384
3/19/2020,Pakistan,Deaths,2
3/19/2020,Pakistan,Recovered,13
3/17/20,Palestine,Confirmed,41
3/17/20,Palestine,Deaths,0
3/17/20,Palestine,Recovered,0
3/18/20,Palestine,Confirmed,44
3/18/20,Palestine,Deaths,0
3/18/20,Palestine,Recovered,
3/19/2020,Palestine,Confirmed,47
3/19/2020,Palestine,Deaths,0
3/19/2020,Palestine,Recovered,0
3/17/20,Panama,Confirmed,86
3/17/20,Panama,Deaths,1
3/17/20,Panama,Recovered,0
3/18/20,Panama,Confirmed,109
3/18/20,Panama,Deaths,1
3/18/20,Panama,Recovered,
3/19/2020,Panama,Confirmed,109
3/19/2020,Panama,Deaths,1
3/19/2020,Panama,Recovered,0
3/17/20,Paraguay,Confirmed,8
3/17/20,Paraguay,Deaths,0
3/17/20,Paraguay,Recovered,0
3/18/20,Paraguay,Confirmed,11
3/18/20,Paraguay,Deaths,0
3/18/20,Paraguay,Recovered,
3/19/2020,Paraguay,Confirmed,11
3/19/2020,Paraguay,Deaths,0
3/19/2020,Paraguay,Recovered,0
3/17/20,Peru,Confirmed,117
3/17/20,Peru,Deaths,0
3/17/20,Peru,Recovered,1
3/18/20,Peru,Confirmed,145
3/18/20,Peru,Deaths,0
3/18/20,Peru,Recovered,
3/19/2020,Peru,Confirmed,145
3/19/2020,Peru,Deaths,0
3/19/2020,Peru,Recovered,1
3/17/20,Philippines,Confirmed,187
3/17/20,Philippines,Deaths,14
3/17/20,Philippines,Recovered,4
3/18/20,Philippines,Confirmed,202
3/18/20,Philippines,Deaths,17
3/18/20,Philippines,Recovered,
3/19/2020,Philippines,Confirmed,217
3/19/2020,Philippines,Deaths,17
3/19/2020,Philippines,Recovered,8
3/17/20,Poland,Confirmed,238
3/17/20,Poland,Deaths,5
3/17/20,Poland,Recovered,1
3/18/20,Poland,Confirmed,287
3/18/20,Poland,Deaths,5
3/18/20,Poland,Recovered,
3/19/2020,Poland,Confirmed,325
3/19/2020,Poland,Deaths,5
3/19/2020,Poland,Recovered,13
3/17/20,Portugal,Confirmed,448
3/17/20,Portugal,Deaths,1
3/17/20,Portugal,Recovered,3
3/18/20,Portugal,Confirmed,642
3/18/20,Portugal,Deaths,2
3/18/20,Portugal,Recovered,
3/19/2020,Portugal,Confirmed,785
3/19/2020,Portugal,Deaths,3
3/19/2020,Portugal,Recovered,3
3/17/20,Qatar,Confirmed,442
3/17/20,Qatar,Deaths,0
3/17/20,Qatar,Recovered,4
3/18/20,Qatar,Confirmed,452
3/18/20,Qatar,Deaths,0
3/18/20,Qatar,Recovered,
3/19/2020,Qatar,Confirmed,452
3/19/2020,Qatar,Deaths,0
3/19/2020,Qatar,Recovered,4
3/17/20,Republic of the Congo,Confirmed,1
3/17/20,Republic of the Congo,Deaths,0
3/17/20,Republic of the Congo,Recovered,0
3/18/20,Republic of the Congo,Confirmed,1
3/18/20,Republic of the Congo,Deaths,0
3/18/20,Republic of the Congo,Recovered,
3/19/2020,Republic of the Congo,Confirmed,1
3/19/2020,Republic of the Congo,Deaths,0
3/19/2020,Republic of the Congo,Recovered,0
3/17/20,Romania,Confirmed,222
3/17/20,Romania,Deaths,0
3/17/20,Romania,Recovered,19
3/18/20,Romania,Confirmed,260
3/18/20,Romania,Deaths,0
3/18/20,Romania,Recovered,
3/19/2020,Romania,Confirmed,277
3/19/2020,Romania,Deaths,0
3/19/2020,Romania,Recovered,25
3/17/20,Russia,Confirmed,114
3/17/20,Russia,Deaths,0
3/17/20,Russia,Recovered,5
3/18/20,Russia,Confirmed,147
3/18/20,Russia,Deaths,0
3/18/20,Russia,Recovered,
3/19/2020,Russia,Confirmed,199
3/19/2020,Russia,Deaths,0
3/19/2020,Russia,Recovered,5
3/17/20,Rwanda,Confirmed,7
3/17/20,Rwanda,Deaths,0
3/17/20,Rwanda,Recovered,0
3/18/20,Rwanda,Confirmed,11
3/18/20,Rwanda,Deaths,0
3/18/20,Rwanda,Recovered,
3/19/2020,Rwanda,Confirmed,11
3/19/2020,Rwanda,Deaths,0
3/19/2020,Rwanda,Recovered,0
3/17/20,Saint Lucia,Confirmed,2
3/17/20,Saint Lucia,Deaths,0
3/17/20,Saint Lucia,Recovered,0
3/18/20,Saint Lucia,Confirmed,2
3/18/20,Saint Lucia,Deaths,0
3/18/20,Saint Lucia,Recovered,
3/19/2020,Saint Lucia,Confirmed,2
3/19/2020,Saint Lucia,Deaths,0
3/19/2020,Saint Lucia,Recovered,0
3/17/20,San Marino,Confirmed,115
3/17/20,San Marino,Deaths,9
3/17/20,San Marino,Recovered,4
3/18/20,San Marino,Confirmed,119
3/18/20,San Marino,Deaths,11
3/18/20,San Marino,Recovered,
3/19/2020,San Marino,Confirmed,144
3/19/2020,San Marino,Deaths,14
3/19/2020,San Marino,Recovered,4
3/17/20,Saudi Arabia,Confirmed,133
3/17/20,Saudi Arabia,Deaths,0
3/17/20,Saudi Arabia,Recovered,6
3/18/20,Saudi Arabia,Confirmed,238
3/18/20,Saudi Arabia,Deaths,0
3/18/20,Saudi Arabia,Recovered,
3/19/2020,Saudi Arabia,Confirmed,238
3/19/2020,Saudi Arabia,Deaths,0
3/19/2020,Saudi Arabia,Recovered,8
3/17/20,Senegal,Confirmed,27
3/17/20,Senegal,Deaths,0
3/17/20,Senegal,Recovered,2
3/18/20,Senegal,Confirmed,36
3/18/20,Senegal,Deaths,0
3/18/20,Senegal,Recovered,
3/19/2020,Senegal,Confirmed,36
3/19/2020,Senegal,Deaths,0
3/19/2020,Senegal,Recovered,2
3/17/20,Serbia,Confirmed,72
3/17/20,Serbia,Deaths,0
3/17/20,Serbia,Recovered,1
3/18/20,Serbia,Confirmed,89
3/18/20,Serbia,Deaths,0
3/18/20,Serbia,Recovered,
3/19/2020,Serbia,Confirmed,97
3/19/2020,Serbia,Deaths,0
3/19/2020,Serbia,Recovered,1
3/17/20,Seychelles,Confirmed,4
3/17/20,Seychelles,Deaths,0
3/17/20,Seychelles,Recovered,0
3/18/20,Seychelles,Confirmed,6
3/18/20,Seychelles,Deaths,0
3/18/20,Seychelles,Recovered,
3/19/2020,Seychelles,Confirmed,6
3/19/2020,Seychelles,Deaths,0
3/19/2020,Seychelles,Recovered,0
3/17/20,Singapore,Confirmed,266
3/17/20,Singapore,Deaths,0
3/17/20,Singapore,Recovered,114
3/18/20,Singapore,Confirmed,313
3/18/20,Singapore,Deaths,0
3/18/20,Singapore,Recovered,0
3/19/2020,Singapore,Confirmed,345
3/19/2020,Singapore,Deaths,0
3/19/2020,Singapore,Recovered,124
3/17/20,Slovakia,Confirmed,97
3/17/20,Slovakia,Deaths,0
3/17/20,Slovakia,Recovered,0
3/18/20,Slovakia,Confirmed,105
3/18/20,Slovakia,Deaths,0
3/18/20,Slovakia,Recovered,
3/19/2020,Slovakia,Confirmed,123
3/19/2020,Slovakia,Deaths,0
3/19/2020,Slovakia,Recovered,0
3/17/20,Slovenia,Confirmed,275
3/17/20,Slovenia,Deaths,1
3/17/20,Slovenia,Recovered,0
3/18/20,Slovenia,Confirmed,286
3/18/20,Slovenia,Deaths,1
3/18/20,Slovenia,Recovered,
3/19/2020,Slovenia,Confirmed,319
3/19/2020,Slovenia,Deaths,1
3/19/2020,Slovenia,Recovered,0
3/17/20,Somalia,Confirmed,1
3/17/20,Somalia,Deaths,0
3/17/20,Somalia,Recovered,0
3/18/20,Somalia,Confirmed,1
3/18/20,Somalia,Deaths,0
3/18/20,Somalia,Recovered,
3/19/2020,Somalia,Confirmed,1
3/19/2020,Somalia,Deaths,0
3/19/2020,Somalia,Recovered,0
3/17/20,South Africa,Confirmed,85
3/17/20,South Africa,Deaths,0
3/17/20,South Africa,Recovered,0
3/18/20,South Africa,Confirmed,116
3/18/20,South Africa,Deaths,0
3/18/20,South Africa,Recovered,
3/19/2020,South Africa,Confirmed,150
3/19/2020,South Africa,Deaths,0
3/19/2020,South Africa,Recovered,0
3/17/20,South Korea,Confirmed,8413
3/17/20,South Korea,Deaths,84
3/17/20,South Korea,Recovered,1540
3/18/20,South Korea,Confirmed,"8,565"
3/18/20,South Korea,Deaths,91
3/18/20,South Korea,Recovered,18
3/19/2020,South Korea,Confirmed,"8,565"
3/19/2020,South Korea,Deaths,91
3/19/2020,South Korea,Recovered,"1,947"
3/17/20,Spain,Confirmed,"11,826"
3/17/20,Spain,Deaths,533
3/17/20,Spain,Recovered,1028
3/18/20,Spain,Confirmed,"14,769"
3/18/20,Spain,Deaths,638
3/18/20,Spain,Recovered,137
3/19/2020,Spain,Confirmed,"17,395"
3/19/2020,Spain,Deaths,803
3/19/2020,Spain,Recovered,"1,107"
3/17/20,Sri Lanka,Confirmed,44
3/17/20,Sri Lanka,Deaths,0
3/17/20,Sri Lanka,Recovered,1
3/18/20,Sri Lanka,Confirmed,51
3/18/20,Sri Lanka,Deaths,0
3/18/20,Sri Lanka,Recovered,
3/19/2020,Sri Lanka,Confirmed,53
3/19/2020,Sri Lanka,Deaths,0
3/19/2020,Sri Lanka,Recovered,3
3/17/20,St. Vincent and the Grenadines,Confirmed,1
3/17/20,St. Vincent and the Grenadines,Deaths,0
3/17/20,St. Vincent and the Grenadines,Recovered,0
3/18/20,St. Vincent and the Grenadines,Confirmed,1
3/18/20,St. Vincent and the Grenadines,Deaths,0
3/18/20,St. Vincent and the Grenadines,Recovered,
3/19/2020,St. Vincent and the Grenadines,Confirmed,1
3/19/2020,St. Vincent and the Grenadines,Deaths,0
3/19/2020,St. Vincent and the Grenadines,Recovered,0
3/17/20,Sudan,Confirmed,1
3/17/20,Sudan,Deaths,1
3/17/20,Sudan,Recovered,0
3/18/20,Sudan,Confirmed,2
3/18/20,Sudan,Deaths,1
3/18/20,Sudan,Recovered,
3/19/2020,Sudan,Confirmed,2
3/19/2020,Sudan,Deaths,1
3/19/2020,Sudan,Recovered,0
3/17/20,Suriname,Confirmed,1
3/17/20,Suriname,Deaths,0
3/17/20,Suriname,Recovered,0
3/18/20,Suriname,Confirmed,1
3/18/20,Suriname,Deaths,0
3/18/20,Suriname,Recovered,
3/19/2020,Suriname,Confirmed,1
3/19/2020,Suriname,Deaths,0
3/19/2020,Suriname,Recovered,0
3/17/20,Sweden,Confirmed,"1,196"
3/17/20,Sweden,Deaths,7
3/17/20,Sweden,Recovered,1
3/18/20,Sweden,Confirmed,1231
3/18/20,Sweden,Deaths,10
3/18/20,Sweden,Recovered,
3/19/2020,Sweden,Confirmed,"1,418"
3/19/2020,Sweden,Deaths,11
3/19/2020,Sweden,Recovered,16
3/17/20,Switzerland,Confirmed,"2,742"
3/17/20,Switzerland,Deaths,21
3/17/20,Switzerland,Recovered,4
3/18/20,Switzerland,Confirmed,"2,772"
3/18/20,Switzerland,Deaths,21
3/18/20,Switzerland,Recovered,
3/19/2020,Switzerland,Confirmed,"3,438"
3/19/2020,Switzerland,Deaths,33
3/19/2020,Switzerland,Recovered,15
3/17/20,Taiwan,Confirmed,77
3/17/20,Taiwan,Deaths,1
3/17/20,Taiwan,Recovered,22
3/18/20,Taiwan,Confirmed,100
3/18/20,Taiwan,Deaths,1
3/18/20,Taiwan,Recovered,
3/19/2020,Taiwan,Confirmed,108
3/19/2020,Taiwan,Deaths,1
3/19/2020,Taiwan,Recovered,26
3/17/20,Tanzania,Confirmed,1
3/17/20,Tanzania,Deaths,0
3/17/20,Tanzania,Recovered,0
3/18/20,Tanzania,Confirmed,3
3/18/20,Tanzania,Deaths,0
3/18/20,Tanzania,Recovered,
3/19/2020,Tanzania,Confirmed,6
3/19/2020,Tanzania,Deaths,0
3/19/2020,Tanzania,Recovered,0
3/17/20,Thailand,Confirmed,177
3/17/20,Thailand,Deaths,1
3/17/20,Thailand,Recovered,41
3/18/20,Thailand,Confirmed,212
3/18/20,Thailand,Deaths,1
3/18/20,Thailand,Recovered,
3/19/2020,Thailand,Confirmed,272
3/19/2020,Thailand,Deaths,1
3/19/2020,Thailand,Recovered,42
3/17/20,Togo,Confirmed,1
3/17/20,Togo,Deaths,0
3/17/20,Togo,Recovered,0
3/18/20,Togo,Confirmed,1
3/18/20,Togo,Deaths,0
3/18/20,Togo,Recovered,
3/19/2020,Togo,Confirmed,1
3/19/2020,Togo,Deaths,0
3/19/2020,Togo,Recovered,0
3/17/20,Trinidad and Tobago,Confirmed,5
3/17/20,Trinidad and Tobago,Deaths,0
3/17/20,Trinidad and Tobago,Recovered,0
3/18/20,Trinidad and Tobago,Confirmed,7
3/18/20,Trinidad and Tobago,Deaths,0
3/18/20,Trinidad and Tobago,Recovered,
3/19/2020,Trinidad and Tobago,Confirmed,9
3/19/2020,Trinidad and Tobago,Deaths,0
3/19/2020,Trinidad and Tobago,Recovered,0
3/17/20,Tunisia,Confirmed,20
3/17/20,Tunisia,Deaths,0
3/17/20,Tunisia,Recovered,0
3/18/20,Tunisia,Confirmed,29
3/18/20,Tunisia,Deaths,0
3/18/20,Tunisia,Recovered,
3/19/2020,Tunisia,Confirmed,29
3/19/2020,Tunisia,Deaths,0
3/19/2020,Tunisia,Recovered,1
3/17/20,Turkey,Confirmed,98
3/17/20,Turkey,Deaths,1
3/17/20,Turkey,Recovered,0
3/18/20,Turkey,Confirmed,191
3/18/20,Turkey,Deaths,2
3/18/20,Turkey,Recovered,
3/19/2020,Turkey,Confirmed,191
3/19/2020,Turkey,Deaths,2
3/19/2020,Turkey,Recovered,0
3/17/20,Ukraine,Confirmed,14
3/17/20,Ukraine,Deaths,2
3/17/20,Ukraine,Recovered,0
3/18/20,Ukraine,Confirmed,16
3/18/20,Ukraine,Deaths,2
3/18/20,Ukraine,Recovered,
3/19/2020,Ukraine,Confirmed,16
3/19/2020,Ukraine,Deaths,2
3/19/2020,Ukraine,Recovered,0
3/17/20,United Arab Emirates,Confirmed,98
3/17/20,United Arab Emirates,Deaths,0
3/17/20,United Arab Emirates,Recovered,26
3/18/20,United Arab Emirates,Confirmed,113
3/18/20,United Arab Emirates,Deaths,0
3/18/20,United Arab Emirates,Recovered,
3/19/2020,United Arab Emirates,Confirmed,140
3/19/2020,United Arab Emirates,Deaths,0
3/19/2020,United Arab Emirates,Recovered,31
3/17/20,United Kingdom,Confirmed,1950
3/17/20,United Kingdom,Deaths,60
3/17/20,United Kingdom,Recovered,65
3/18/20,United Kingdom,Confirmed,2626
3/18/20,United Kingdom,Deaths,104
3/18/20,United Kingdom,Recovered,16
3/19/2020,United Kingdom,Confirmed,2626
3/19/2020,United Kingdom,Deaths,103
3/19/2020,United Kingdom,Recovered,65
3/17/20,United States,Confirmed,"6,518"
3/17/20,United States,Deaths,108
3/17/20,United States,Recovered,17
3/18/20,United States,Confirmed,"9,452"
3/18/20,United States,Deaths,150
3/18/20,United States,Recovered,5
3/19/2020,United States,Confirmed,10692
3/19/2020,United States,Deaths,160
3/19/2020,United States,Recovered,108
3/17/20,Uruguay,Confirmed,29
3/17/20,Uruguay,Deaths,0
3/17/20,Uruguay,Recovered,0
3/18/20,Uruguay,Confirmed,79
3/18/20,Uruguay,Deaths,0
3/18/20,Uruguay,Recovered,
3/19/2020,Uruguay,Confirmed,79
3/19/2020,Uruguay,Deaths,0
3/19/2020,Uruguay,Recovered,0
3/17/20,Uzbekistan,Confirmed,11
3/17/20,Uzbekistan,Deaths,0
3/17/20,Uzbekistan,Recovered,0
3/18/20,Uzbekistan,Confirmed,18
3/18/20,Uzbekistan,Deaths,0
3/18/20,Uzbekistan,Recovered,
3/19/2020,Uzbekistan,Confirmed,23
3/19/2020,Uzbekistan,Deaths,0
3/19/2020,Uzbekistan,Recovered,0
3/17/20,Vatican City,Confirmed,1
3/17/20,Vatican City,Deaths,0
3/17/20,Vatican City,Recovered,0
3/18/20,Vatican City,Confirmed,1
3/18/20,Vatican City,Deaths,0
3/18/20,Vatican City,Recovered,
3/19/2020,Vatican City,Confirmed,1
3/19/2020,Vatican City,Deaths,0
3/19/2020,Vatican City,Recovered,0
3/17/20,Venezuela,Confirmed,33
3/17/20,Venezuela,Deaths,0
3/17/20,Venezuela,Recovered,0
3/18/20,Venezuela,Confirmed,36
3/18/20,Venezuela,Deaths,0
3/18/20,Venezuela,Recovered,
3/19/2020,Venezuela,Confirmed,36
3/19/2020,Venezuela,Deaths,0
3/19/2020,Venezuela,Recovered,0
3/17/20,Vietnam,Confirmed,66
3/17/20,Vietnam,Deaths,0
3/17/20,Vietnam,Recovered,16
3/18/20,Vietnam,Confirmed,76
3/18/20,Vietnam,Deaths,0
3/18/20,Vietnam,Recovered,
3/19/2020,Vietnam,Confirmed,76
3/19/2020,Vietnam,Deaths,0
3/19/2020,Vietnam,Recovered,16
3/18/20,Zambia,Confirmed,2
3/18/20,Zambia,Deaths,0
3/18/20,Zambia,Recovered,
3/19/2020,Zambia,Confirmed,2
3/19/2020,Zambia,Deaths,0
3/19/2020,Zambia,Recovered,0
