Date,Country,Confirmed,Deaths,Recovered,Critical,Per1M
3/17/20,Afghanistan,22,0,1,0,0.6
3/18/20,Afghanistan,22,0,1,0,0.6
3/18/20,Afghanistan,22,0,1,0,0.6
3/19/2020,Afghanistan,24,0,1,0,0.6
3/20/2020,Afghanistan,24,0,1,0,0.6
3/21/2020,Afghanistan,24,0,1,0,0.6
3/22/2020,Afghanistan,34,1,1,0,0.9
3/17/20,Albania,59,2,0,2,19
3/18/20,Albania,64,2,0,2,21
3/18/20,Albania,64,2,0,2,21
3/19/2020,Albania,70,2,0,2,22
3/20/2020,Albania,76,2,2,2,24
3/21/2020,Albania,76,2,2,2,26
3/22/2020,Albania,89,2,2,2,31
3/17/20,Algeria,75,7,10,0,1
3/18/20,Algeria,90,9,32,0,2
3/18/20,Algeria,90,9,32,0,2
3/19/2020,Algeria,94,11,32,0,2
3/20/2020,Algeria,139,15,32,0,2
3/21/2020,Algeria,139,15,65,0,3
3/22/2020,Algeria,201,17,65,0,5
3/17/20,Andorra,53,0,1,0,505
3/18/20,Andorra,74,0,1,0,686
3/18/20,Andorra,74,0,1,0,686
3/19/2020,Andorra,75,0,1,0,958
3/20/2020,Andorra,88,0,1,2,971
3/21/2020,Andorra,88,0,1,2,1139
3/22/2020,Andorra,113,1,1,2,1462
3/20/2020,Angola,2,0,0,0,0.03
3/21/2020,Angola,2,0,0,0,0.06
3/22/2020,Angola,2,0,0,0,0.06
3/17/20,Antigua and Barbuda,1,0,0,0,10
3/18/20,Antigua and Barbuda,1,0,0,0,10
3/18/20,Antigua and Barbuda,1,0,0,0,10
3/19/2020,Antigua and Barbuda,1,0,0,0,10
3/20/2020,Antigua and Barbuda,1,0,0,0,10
3/21/2020,Antigua and Barbuda,1,0,0,0,10
3/22/2020,Antigua and Barbuda,1,0,0,0,10
3/17/20,Argentina,97,2,3,1,2
3/18/20,Argentina,128,3,3,1,2
3/18/20,Argentina,128,3,3,1,2
3/19/2020,Argentina,158,3,3,0,3
3/20/2020,Argentina,158,4,3,0,3
3/21/2020,Argentina,158,4,27,0,5
3/22/2020,Argentina,225,4,27,0,5
3/17/20,Armenia,110,0,1,2,26
3/18/20,Armenia,122,0,1,2,37
3/18/20,Armenia,122,0,1,2,37
3/19/2020,Armenia,136,0,1,2,41
3/20/2020,Armenia,160,0,1,2,46
3/21/2020,Armenia,160,0,1,2,54
3/22/2020,Armenia,190,0,2,6,64
3/17/20,Aruba,4,0,0,0,28
3/18/20,Aruba,5,0,0,0,37
3/18/20,Aruba,5,0,0,0,37
3/19/2020,Aruba,5,0,1,0,47
3/20/2020,Aruba,5,0,1,0,47
3/21/2020,Aruba,5,0,1,0,47
3/22/2020,Aruba,8,0,1,0,75
3/17/20,Australia,596,6,27,1,18
3/18/20,Australia,756,7,43,1,25
3/18/20,Australia,756,7,43,1,25
3/19/2020,Australia,928,7,46,1,30
3/20/2020,Australia,1072,7,46,2,40
3/21/2020,Australia,1072,7,46,2,50
3/22/2020,Australia,1353,7,46,2,53
3/17/20,Austria,1646,4,9,12,148
3/18/20,Austria,2179,6,9,12,183
3/18/20,Austria,2179,6,9,12,183
3/19/2020,Austria,2649,6,9,13,242
3/20/2020,Austria,2992,8,9,14,294
3/21/2020,Austria,2992,8,9,15,332
3/22/2020,Austria,3302,16,9,15,367
3/17/20,Azerbaijan,34,1,6,0,3
3/18/20,Azerbaijan,44,1,7,0,3
3/18/20,Azerbaijan,44,1,7,0,3
3/19/2020,Azerbaijan,44,1,7,0,4
3/20/2020,Azerbaijan,53,1,7,0,4
3/21/2020,Azerbaijan,53,1,11,0,5
3/22/2020,Azerbaijan,65,1,11,0,6
3/17/20,Bahamas,1,0,0,0,3
3/18/20,Bahamas,3,0,0,0,3
3/18/20,Bahamas,3,0,0,0,3
3/19/2020,Bahamas,4,0,0,0,8
3/20/2020,Bahamas,4,0,0,0,10
3/21/2020,Bahamas,4,0,0,0,10
3/22/2020,Bahamas,4,0,0,0,10
3/17/20,Bahrain,256,1,88,3,142
3/18/20,Bahrain,278,1,95,3,150
3/18/20,Bahrain,278,1,95,3,150
3/19/2020,Bahrain,298,1,110,4,163
3/20/2020,Bahrain,310,1,125,4,175
3/21/2020,Bahrain,310,1,125,4,182
3/22/2020,Bahrain,332,2,149,4,195
3/17/20,Bangladesh,14,1,3,0,0.06
3/18/20,Bangladesh,18,1,3,0,0.09
3/18/20,Bangladesh,18,1,3,0,0.09
3/19/2020,Bangladesh,20,1,3,0,0.1
3/20/2020,Bangladesh,24,2,3,1,0.1
3/21/2020,Bangladesh,24,2,3,0,0.1
3/22/2020,Bangladesh,27,2,3,0,0.2
3/17/20,Barbados,2,0,0,0,7
3/18/20,Barbados,5,0,0,0,7
3/18/20,Barbados,5,0,0,0,7
3/19/2020,Barbados,6,0,0,0,17
3/20/2020,Barbados,14,0,0,0,21
3/21/2020,Barbados,14,0,0,0,49
3/22/2020,Barbados,14,0,0,0,49
3/17/20,Belarus,51,0,3,0,4
3/18/20,Belarus,51,0,5,0,5
3/18/20,Belarus,51,0,5,0,5
3/19/2020,Belarus,69,0,5,0,5
3/20/2020,Belarus,76,0,15,0,7
3/21/2020,Belarus,76,0,15,0,8
3/22/2020,Belarus,76,0,15,0,8
3/17/20,Belgium,1486,14,14,33,107
3/18/20,Belgium,1795,21,31,33,128
3/18/20,Belgium,1795,21,31,33,128
3/19/2020,Belgium,2257,37,165,130,155
3/20/2020,Belgium,2815,67,204,164,195
3/21/2020,Belgium,2815,67,263,288,243
3/22/2020,Belgium,3401,75,263,288,293
3/17/20,Benin,2,0,0,0,0.08
3/18/20,Benin,2,0,0,0,0.2
3/18/20,Benin,2,0,0,0,0.2
3/19/2020,Benin,2,0,0,0,0.2
3/20/2020,Benin,2,0,0,0,0.2
3/21/2020,Benin,2,0,0,0,0.2
3/22/2020,Benin,2,0,0,0,0.2
3/18/20,Bermuda,2,0,0,0,32
3/18/20,Bermuda,2,0,0,0,32
3/19/2020,Bermuda,2,0,0,0,32
3/20/2020,Bermuda,2,0,0,0,32
3/21/2020,Bermuda,2,0,0,0,32
3/22/2020,Bermuda,2,0,0,0,32
3/17/20,Bhutan,1,0,0,0,1
3/18/20,Bhutan,1,0,0,0,1
3/18/20,Bhutan,1,0,0,0,1
3/19/2020,Bhutan,2,0,0,0,1
3/20/2020,Bhutan,2,0,0,0,3
3/21/2020,Bhutan,2,0,0,0,3
3/22/2020,Bhutan,2,0,0,0,3
3/17/20,Bolivia,12,0,0,0,1
3/18/20,Bolivia,15,0,0,0,1
3/18/20,Bolivia,15,0,0,0,1
3/19/2020,Bolivia,16,0,0,0,1
3/20/2020,Bolivia,19,0,0,0,1
3/21/2020,Bolivia,19,0,0,0,2
3/22/2020,Bolivia,24,0,0,0,2
3/17/20,Bosnia and Herzegovina,39,0,2,0,10
3/18/20,Bosnia and Herzegovina,64,0,2,0,12
3/18/20,Bosnia and Herzegovina,64,0,2,0,12
3/19/2020,Bosnia and Herzegovina,89,0,2,0,20
3/20/2020,Bosnia and Herzegovina,93,1,2,1,27
3/21/2020,Bosnia and Herzegovina,93,1,2,1,28
3/22/2020,Bosnia and Herzegovina,94,1,2,1,29
3/17/20,Brazil,529,4,2,18,2
3/18/20,Brazil,640,7,2,18,2
3/18/20,Brazil,640,7,2,18,2
3/19/2020,Brazil,970,11,2,18,3
3/20/2020,Brazil,1178,18,2,18,5
3/21/2020,Brazil,1178,18,2,18,6
3/22/2020,Brazil,1209,18,2,18,6
3/17/20,Brunei,68,0,0,1,128
3/18/20,Brunei,73,0,0,2,155
3/18/20,Brunei,73,0,0,2,155
3/19/2020,Brunei,78,0,0,2,167
3/20/2020,Brunei,83,0,1,2,178
3/21/2020,Brunei,83,0,1,2,190
3/22/2020,Brunei,88,0,2,2,201
3/17/20,Bulgaria,92,2,0,0,12
3/18/20,Bulgaria,107,3,0,0,13
3/18/20,Bulgaria,107,3,0,0,13
3/19/2020,Bulgaria,127,3,0,0,15
3/20/2020,Bulgaria,163,3,1,0,18
3/21/2020,Bulgaria,163,3,3,3,23
3/22/2020,Bulgaria,185,3,3,3,27
3/17/20,Burkina Faso,20,1,0,0,0.7
3/18/20,Burkina Faso,33,1,0,0,1
3/18/20,Burkina Faso,33,1,0,0,1
3/19/2020,Burkina Faso,40,1,0,0,2
3/20/2020,Burkina Faso,64,3,4,0,2
3/21/2020,Burkina Faso,64,3,5,0,3
3/22/2020,Burkina Faso,75,4,5,0,4
3/20/2020,Cabo Verde,3,0,0,0,2
3/21/2020,Cabo Verde,3,0,0,0,5
3/22/2020,Cabo Verde,3,0,0,0,5
3/17/20,Cambodia,37,0,1,0,2
3/18/20,Cambodia,37,0,1,0,2
3/18/20,Cambodia,37,0,1,0,2
3/19/2020,Cambodia,51,0,1,0,2
3/20/2020,Cambodia,53,0,1,0,3
3/21/2020,Cambodia,53,0,2,0,3
3/22/2020,Cambodia,84,0,2,0,5
3/17/20,Cameroon,13,0,0,0,0.4
3/18/20,Cameroon,13,0,0,0,0.5
3/18/20,Cameroon,13,0,0,0,0.5
3/19/2020,Cameroon,27,0,0,0,0.5
3/20/2020,Cameroon,40,0,2,0,1
3/21/2020,Cameroon,40,0,2,0,2
3/22/2020,Cameroon,40,0,2,0,2
3/17/20,Canada,727,9,12,1,16
3/18/20,Canada,873,12,12,1,19
3/18/20,Canada,873,12,12,1,19
3/19/2020,Canada,1087,12,11,1,23
3/20/2020,Canada,1328,19,14,1,29
3/21/2020,Canada,1328,19,14,1,35
3/22/2020,Canada,1385,20,14,1,37
3/17/20,CAR,1,0,0,0,0.2
3/18/20,CAR,1,0,0,0,0.2
3/18/20,CAR,1,0,0,0,0.2
3/19/2020,CAR,3,0,0,0,0.2
3/20/2020,CAR,3,0,0,0,0.6
3/21/2020,CAR,3,0,0,0,0.6
3/22/2020,CAR,3,0,0,0,0.6
3/17/20,Cayman Islands,1,1,0,0,15
3/18/20,Cayman Islands,3,1,0,0,15
3/18/20,Cayman Islands,3,1,0,0,15
3/19/2020,Cayman Islands,3,1,0,0,46
3/20/2020,Cayman Islands,3,1,0,0,46
3/21/2020,Cayman Islands,3,1,0,0,46
3/22/2020,Cayman Islands,3,1,0,0,46
3/19/2020,Chad,1,0,0,0,0.06
3/20/2020,Chad,1,0,0,0,0.06
3/21/2020,Chad,1,0,0,0,0.06
3/22/2020,Chad,1,0,0,0,0.06
3/17/20,Channel Islands,7,0,0,0,35
3/18/20,Channel Islands,11,0,0,0,40
3/18/20,Channel Islands,11,0,0,0,40
3/19/2020,Channel Islands,12,0,0,0,63
3/20/2020,Channel Islands,32,0,0,0,69
3/21/2020,Channel Islands,32,0,0,0,184
3/22/2020,Channel Islands,32,0,0,0,184
3/17/20,Chile,238,0,0,3,11
3/18/20,Chile,342,0,0,3,12
3/18/20,Chile,342,0,0,3,12
3/19/2020,Chile,434,0,0,6,18
3/20/2020,Chile,537,1,6,7,23
3/21/2020,Chile,537,1,8,7,28
3/22/2020,Chile,632,1,8,7,33
3/17/20,China,80894,3237,69614,2622,56
3/18/20,China,80928,3245,70420,2274,56
3/18/20,China,80928,3245,70420,2274,56
3/19/2020,China,80967,3248,71150,2136,56
3/20/2020,China,81008,3255,71740,1927,56
3/21/2020,China,81008,3255,72440,1845,56
3/22/2020,China,81054,3261,72440,1845,56
3/17/20,Colombia,93,0,1,0,1
3/18/20,Colombia,108,0,1,0,2
3/18/20,Colombia,108,0,1,0,2
3/19/2020,Colombia,145,0,1,0,2
3/20/2020,Colombia,196,0,1,0,3
3/21/2020,Colombia,196,0,2,0,4
3/22/2020,Colombia,231,2,3,0,5
3/17/20,Congo,1,0,0,0,0.2
3/18/20,Congo,3,0,0,0,0.2
3/18/20,Congo,3,0,0,0,0.2
3/19/2020,Congo,3,0,0,0,0.5
3/20/2020,Congo,3,0,0,0,0.5
3/21/2020,Congo,3,0,0,0,0.5
3/22/2020,Congo,3,0,0,0,0.5
3/17/20,Costa Rica,69,1,0,3,10
3/18/20,Costa Rica,87,1,0,2,14
3/18/20,Costa Rica,87,1,0,2,14
3/19/2020,Costa Rica,113,2,0,2,17
3/20/2020,Costa Rica,117,2,2,2,22
3/21/2020,Costa Rica,117,2,2,2,23
3/22/2020,Costa Rica,117,2,2,2,23
3/17/20,Croatia,89,0,5,0,17
3/18/20,Croatia,110,1,5,0,22
3/18/20,Croatia,110,1,5,0,22
3/19/2020,Croatia,130,1,5,0,27
3/20/2020,Croatia,206,1,5,0,32
3/21/2020,Croatia,206,1,5,0,50
3/22/2020,Croatia,254,1,5,5,62
3/17/20,Cuba,10,1,0,0,0.6
3/18/20,Cuba,11,1,0,0,0.9
3/18/20,Cuba,11,1,0,0,0.9
3/19/2020,Cuba,21,1,0,0,1
3/20/2020,Cuba,21,1,0,0,2
3/21/2020,Cuba,21,1,0,0,2
3/22/2020,Cuba,21,1,0,0,2
3/17/20,Curaçao,3,0,0,0,18
3/18/20,Curaçao,3,1,0,0,18
3/18/20,Curaçao,3,1,0,0,18
3/19/2020,Curaçao,3,1,0,0,18
3/20/2020,Curaçao,3,1,0,0,18
3/21/2020,Curaçao,3,1,0,0,18
3/22/2020,Curaçao,3,1,0,0,18
3/17/20,Cyprus,58,0,0,1,41
3/18/20,Cyprus,67,0,0,1,48
3/18/20,Cyprus,67,0,0,1,48
3/19/2020,Cyprus,75,0,0,1,55
3/20/2020,Cyprus,84,1,0,1,62
3/21/2020,Cyprus,84,1,3,3,70
3/22/2020,Cyprus,95,1,3,3,79
3/17/20,Czechia,522,0,3,2,41
3/18/20,Czechia,694,0,3,5,49
3/18/20,Czechia,694,0,3,5,49
3/19/2020,Czechia,833,0,3,6,65
3/20/2020,Czechia,995,0,4,6,78
3/21/2020,Czechia,995,0,6,7,93
3/22/2020,Czechia,1047,0,6,19,98
3/17/20,Denmark,1057,4,1,18,169
3/18/20,Denmark,1151,6,1,24,182
3/18/20,Denmark,1151,6,1,24,182
3/19/2020,Denmark,1255,9,1,30,199
3/20/2020,Denmark,1326,13,1,37,217
3/21/2020,Denmark,1326,13,1,42,229
3/22/2020,Denmark,1395,13,1,42,241
3/17/20,Diamond Princess,712,7,456,14,0
3/18/20,Diamond Princess,712,7,527,14,0
3/18/20,Diamond Princess,712,7,527,14,0
3/19/2020,Diamond Princess,712,8,527,14,0
3/20/2020,Diamond Princess,712,8,567,15,0
3/21/2020,Diamond Princess,712,8,567,15,0
3/22/2020,Diamond Princess,712,8,567,15,0
3/18/20,Djibouti,1,0,0,0,1
3/18/20,Djibouti,1,0,0,0,1
3/19/2020,Djibouti,1,0,0,0,1
3/20/2020,Djibouti,1,0,0,0,1
3/21/2020,Djibouti,1,0,0,0,1
3/22/2020,Djibouti,1,0,0,0,1
3/17/20,Dominican Republic,34,2,0,0,2
3/18/20,Dominican Republic,34,2,0,0,3
3/18/20,Dominican Republic,34,2,0,0,3
3/19/2020,Dominican Republic,72,2,0,0,3
3/20/2020,Dominican Republic,112,3,0,0,7
3/21/2020,Dominican Republic,112,3,0,0,10
3/22/2020,Dominican Republic,202,3,0,0,19
3/17/20,DRC,7,0,0,0,0.03
3/18/20,DRC,14,0,0,0,0.08
3/18/20,DRC,14,0,0,0,0.08
3/19/2020,DRC,18,0,0,0,0.2
3/20/2020,DRC,23,1,0,0,0.2
3/21/2020,DRC,23,1,0,0,0.3
3/22/2020,DRC,30,1,0,0,0.3
3/17/20,Ecuador,168,3,0,2,6
3/18/20,Ecuador,260,3,1,2,10
3/18/20,Ecuador,260,3,1,2,10
3/19/2020,Ecuador,426,7,1,2,15
3/20/2020,Ecuador,532,7,3,2,24
3/21/2020,Ecuador,532,7,3,2,30
3/22/2020,Ecuador,789,14,3,2,45
3/17/20,Egypt,210,6,26,0,2
3/18/20,Egypt,256,7,28,0,2
3/18/20,Egypt,256,7,28,0,2
3/19/2020,Egypt,285,8,42,0,3
3/20/2020,Egypt,294,10,42,0,3
3/21/2020,Egypt,294,10,42,0,3
3/22/2020,Egypt,294,10,42,0,3
3/18/20,El Salvador,1,0,0,0,0.2
3/18/20,El Salvador,1,0,0,0,0.2
3/19/2020,El Salvador,1,0,0,0,0.2
3/20/2020,El Salvador,3,0,0,0,0.2
3/21/2020,El Salvador,3,0,0,0,0.5
3/22/2020,El Salvador,3,0,0,0,0.5
3/17/20,Equatorial Guinea,4,0,0,0,0.7
3/18/20,Equatorial Guinea,6,0,0,0,3
3/18/20,Equatorial Guinea,6,0,0,0,3
3/19/2020,Equatorial Guinea,6,0,0,0,4
3/20/2020,Equatorial Guinea,6,0,0,0,4
3/21/2020,Equatorial Guinea,6,0,0,0,4
3/22/2020,Equatorial Guinea,6,0,0,0,4
3/21/2020,Eritrea,1,0,0,0,0.3
3/22/2020,Eritrea,1,0,0,0,0.3
3/17/20,Estonia,258,0,1,0,170
3/18/20,Estonia,267,0,1,1,194
3/18/20,Estonia,267,0,1,1,194
3/19/2020,Estonia,283,0,1,1,201
3/20/2020,Estonia,306,0,1,1,213
3/21/2020,Estonia,306,0,2,0,231
3/22/2020,Estonia,326,0,4,2,246
3/17/20,Eswatini,1,0,0,0,0.9
3/18/20,Eswatini,1,0,0,0,0.9
3/18/20,Eswatini,1,0,0,0,0.9
3/19/2020,Eswatini,1,0,0,0,0.9
3/20/2020,Eswatini,1,0,0,0,0.9
3/21/2020,Eswatini,1,0,0,0,0.9
3/22/2020,Eswatini,4,0,0,0,3
3/17/20,Ethiopia,6,0,0,0,0.05
3/18/20,Ethiopia,7,0,0,0,0.05
3/18/20,Ethiopia,7,0,0,0,0.05
3/19/2020,Ethiopia,9,0,0,0,0.06
3/20/2020,Ethiopia,9,0,0,0,0.08
3/21/2020,Ethiopia,9,0,0,0,0.08
3/22/2020,Ethiopia,11,0,0,0,0.1
3/17/20,Faeroe Islands,58,0,0,0,962
3/18/20,Faeroe Islands,72,0,1,0,1187
3/18/20,Faeroe Islands,72,0,1,0,1187
3/19/2020,Faeroe Islands,80,0,1,0,1474
3/20/2020,Faeroe Islands,92,0,3,0,1637
3/21/2020,Faeroe Islands,92,0,3,0,1883
3/22/2020,Faeroe Islands,115,0,3,0,2354
3/18/20,Fiji,1,0,0,0,1
3/18/20,Fiji,1,0,0,0,1
3/19/2020,Fiji,1,0,0,0,1
3/20/2020,Fiji,2,0,0,0,1
3/21/2020,Fiji,2,0,0,0,2
3/22/2020,Fiji,2,0,0,0,2
3/17/20,Finland,359,0,10,2,58
3/18/20,Finland,400,0,10,2,65
3/18/20,Finland,400,0,10,2,65
3/19/2020,Finland,450,0,10,2,72
3/20/2020,Finland,523,1,10,2,81
3/21/2020,Finland,523,1,10,2,94
3/22/2020,Finland,626,1,10,12,113
3/17/20,France,9134,264,602,699,118
3/18/20,France,10995,372,602,931,140
3/18/20,France,10995,372,602,931,140
3/19/2020,France,12612,450,1295,1122,168
3/20/2020,France,14459,562,1587,1297,193
3/21/2020,France,14459,562,1587,1525,222
3/22/2020,France,14459,562,1587,1525,222
3/17/20,French Guiana,15,0,0,0,37
3/18/20,French Guiana,15,0,0,0,50
3/18/20,French Guiana,15,0,0,0,50
3/19/2020,French Guiana,15,0,0,0,50
3/20/2020,French Guiana,18,0,0,0,50
3/21/2020,French Guiana,18,0,0,0,60
3/22/2020,French Guiana,18,0,0,0,60
3/17/20,French Polynesia,5,0,0,0,11
3/18/20,French Polynesia,6,0,0,0,18
3/18/20,French Polynesia,6,0,0,0,18
3/19/2020,French Polynesia,11,0,0,0,21
3/20/2020,French Polynesia,15,0,0,0,39
3/21/2020,French Polynesia,15,0,0,0,53
3/22/2020,French Polynesia,15,0,0,0,53
3/17/20,Gabon,3,0,0,0,0.4
3/18/20,Gabon,3,0,0,0,1
3/18/20,Gabon,3,0,0,0,1
3/19/2020,Gabon,4,1,0,0,1
3/20/2020,Gabon,5,1,0,0,2
3/21/2020,Gabon,5,1,0,0,2
3/22/2020,Gabon,5,1,0,0,2
3/17/20,Gambia,1,0,0,0,0.4
3/18/20,Gambia,1,0,0,0,0.4
3/18/20,Gambia,1,0,0,0,0.4
3/19/2020,Gambia,1,0,0,0,0.4
3/20/2020,Gambia,1,0,0,0,0.4
3/21/2020,Gambia,1,0,0,0,0.4
3/22/2020,Gambia,1,0,0,0,0.4
3/17/20,Georgia,38,0,1,1,9
3/18/20,Georgia,40,0,1,1,10
3/18/20,Georgia,40,0,1,1,10
3/19/2020,Georgia,44,0,1,1,10
3/20/2020,Georgia,49,0,1,1,11
3/21/2020,Georgia,49,0,1,1,12
3/22/2020,Georgia,54,0,1,1,14
3/17/20,Germany,12327,28,67,2,112
3/18/20,Germany,15320,44,105,2,147
3/18/20,Germany,15320,44,105,2,147
3/19/2020,Germany,19848,68,115,2,183
3/20/2020,Germany,22364,84,180,2,237
3/21/2020,Germany,22364,84,209,2,267
3/22/2020,Germany,23974,93,266,2,286
3/17/20,Ghana,7,0,0,0,0.2
3/18/20,Ghana,11,0,0,0,0.2
3/18/20,Ghana,11,0,0,0,0.2
3/19/2020,Ghana,16,0,0,0,0.4
3/20/2020,Ghana,21,1,0,0,0.5
3/21/2020,Ghana,21,1,0,0,0.7
3/22/2020,Ghana,21,1,0,0,0.7
3/17/20,Gibraltar,8,0,2,0,89
3/18/20,Gibraltar,10,0,2,0,237
3/18/20,Gibraltar,10,0,2,0,237
3/19/2020,Gibraltar,10,0,2,0,297
3/20/2020,Gibraltar,10,0,2,0,297
3/21/2020,Gibraltar,10,0,2,0,297
3/22/2020,Gibraltar,15,0,2,0,445
3/17/20,Greece,418,5,14,11,37
3/18/20,Greece,464,6,14,13,40
3/18/20,Greece,464,6,14,13,40
3/19/2020,Greece,495,10,19,16,45
3/20/2020,Greece,530,13,19,20,47
3/21/2020,Greece,530,13,19,18,51
3/22/2020,Greece,624,15,19,18,60
3/17/20,Greenland,2,0,0,0,18
3/18/20,Greenland,2,0,0,0,35
3/18/20,Greenland,2,0,0,0,35
3/19/2020,Greenland,2,0,0,0,35
3/20/2020,Greenland,2,0,0,0,35
3/21/2020,Greenland,2,0,0,0,35
3/22/2020,Greenland,2,0,0,0,35
3/17/20,Guadeloupe,33,0,0,0,45
3/18/20,Guadeloupe,33,0,0,0,82
3/18/20,Guadeloupe,33,0,0,0,82
3/19/2020,Guadeloupe,51,1,0,0,82
3/20/2020,Guadeloupe,56,1,0,4,127
3/21/2020,Guadeloupe,56,1,0,4,140
3/22/2020,Guadeloupe,56,1,0,4,140
3/17/20,Guam,8,0,0,0,30
3/18/20,Guam,12,0,0,0,47
3/18/20,Guam,12,0,0,0,47
3/19/2020,Guam,14,0,0,0,71
3/20/2020,Guam,15,0,0,0,83
3/21/2020,Guam,15,0,0,0,89
3/22/2020,Guam,27,1,0,0,160
3/17/20,Guatemala,8,1,0,0,0.4
3/18/20,Guatemala,9,1,0,0,0.4
3/18/20,Guatemala,9,1,0,0,0.4
3/19/2020,Guatemala,12,1,0,0,0.5
3/20/2020,Guatemala,17,1,0,0,0.7
3/21/2020,Guatemala,17,1,0,0,0.9
3/22/2020,Guatemala,17,1,0,0,0.9
3/17/20,Guinea,1,0,0,0,0.08
3/18/20,Guinea,1,0,0,0,0.08
3/18/20,Guinea,1,0,0,0,0.08
3/19/2020,Guinea,2,0,0,0,0.08
3/20/2020,Guinea,2,0,0,0,0.2
3/21/2020,Guinea,2,0,0,0,0.2
3/22/2020,Guinea,2,0,0,0,0.2
3/17/20,Guyana,4,1,0,0,9
3/18/20,Guyana,5,1,0,0,5
3/18/20,Guyana,5,1,0,0,5
3/19/2020,Guyana,15,1,0,0,6
3/20/2020,Guyana,18,1,0,0,19
3/21/2020,Guyana,18,1,0,0,23
3/22/2020,Guyana,18,1,0,0,23
3/19/2020,Haiti,2,0,0,0,0.2
3/20/2020,Haiti,2,0,0,0,0.2
3/21/2020,Haiti,2,0,0,0,0.2
3/22/2020,Haiti,2,0,0,0,0.2
3/17/20,Honduras,9,0,0,0,0.8
3/18/20,Honduras,12,0,0,0,0.9
3/18/20,Honduras,12,0,0,0,0.9
3/19/2020,Honduras,24,0,0,0,2
3/20/2020,Honduras,24,0,0,0,2
3/21/2020,Honduras,24,0,0,0,2
3/22/2020,Honduras,26,0,0,0,3
3/17/20,Hong Kong,193,4,81,4,22
3/18/20,Hong Kong,208,4,95,4,26
3/18/20,Hong Kong,208,4,95,4,26
3/19/2020,Hong Kong,256,4,98,4,28
3/20/2020,Hong Kong,274,4,98,4,34
3/21/2020,Hong Kong,274,4,100,4,37
3/22/2020,Hong Kong,317,4,100,4,42
3/17/20,Hungary,58,1,2,0,5
3/18/20,Hungary,73,1,2,4,6
3/18/20,Hungary,73,1,2,4,6
3/19/2020,Hungary,85,4,2,4,8
3/20/2020,Hungary,103,4,7,6,9
3/21/2020,Hungary,103,4,7,6,11
3/22/2020,Hungary,131,6,16,6,14
3/17/20,Iceland,250,0,5,1,724
3/18/20,Iceland,330,0,5,1,733
3/18/20,Iceland,330,0,5,1,733
3/19/2020,Iceland,409,0,5,1,967
3/20/2020,Iceland,473,1,5,1,1199
3/21/2020,Iceland,473,1,5,1,1386
3/22/2020,Iceland,568,1,5,1,1665
3/17/20,India,169,3,14,0,0.1
3/18/20,India,194,4,15,0,0.1
3/18/20,India,194,4,15,0,0.1
3/19/2020,India,249,5,20,0,0.1
3/20/2020,India,332,5,23,0,0.2
3/21/2020,India,332,5,23,0,0.2
3/22/2020,India,391,7,24,0,0.3
3/17/20,Indonesia,227,19,9,0,0.6
3/18/20,Indonesia,309,25,11,0,0.8
3/18/20,Indonesia,309,25,11,0,0.8
3/19/2020,Indonesia,369,32,15,0,1
3/20/2020,Indonesia,450,38,17,0,1
3/21/2020,Indonesia,450,38,20,0,2
3/22/2020,Indonesia,514,48,29,0,2
3/17/20,Iran,17361,1135,5389,0,193
3/18/20,Iran,18407,1284,5710,0,207
3/18/20,Iran,18407,1284,5710,0,207
3/19/2020,Iran,19644,1433,5979,0,219
3/20/2020,Iran,20610,1556,6745,0,234
3/21/2020,Iran,20610,1556,7635,0,245
3/22/2020,Iran,21638,1685,7635,0,258
3/17/20,Iraq,164,12,41,0,4
3/18/20,Iraq,192,13,43,0,4
3/18/20,Iraq,192,13,43,0,4
3/19/2020,Iraq,208,17,49,0,5
3/20/2020,Iraq,214,17,49,0,5
3/21/2020,Iraq,214,17,51,0,5
3/22/2020,Iraq,233,20,57,0,6
3/17/20,Ireland,366,2,5,6,59
3/18/20,Ireland,557,3,5,6,74
3/18/20,Ireland,557,3,5,6,74
3/19/2020,Ireland,683,3,5,6,113
3/20/2020,Ireland,785,3,5,6,138
3/21/2020,Ireland,785,3,5,13,159
3/22/2020,Ireland,785,3,5,13,159
3/19/2020,Isle of Man,2,0,0,0,12
3/20/2020,Isle of Man,2,0,0,0,24
3/21/2020,Isle of Man,2,0,0,0,24
3/22/2020,Isle of Man,5,0,0,0,59
3/17/20,Israel,433,0,11,5,39
3/18/20,Israel,677,0,11,6,50
3/18/20,Israel,677,0,11,6,50
3/19/2020,Israel,705,1,14,6,78
3/20/2020,Israel,883,1,15,10,81
3/21/2020,Israel,883,1,36,15,102
3/22/2020,Israel,945,1,37,20,109
3/17/20,Italy,35713,2978,2941,2060,521
3/18/20,Italy,41035,3405,4025,2257,591
3/18/20,Italy,41035,3405,4025,2257,591
3/19/2020,Italy,47021,4032,4440,2498,679
3/20/2020,Italy,53578,4825,5129,2655,778
3/21/2020,Italy,53578,4825,6072,2857,886
3/22/2020,Italy,53578,4825,6072,2857,886
3/17/20,Ivory Coast,9,0,0,0,0.2
3/18/20,Ivory Coast,9,0,1,0,0.3
3/18/20,Ivory Coast,9,0,1,0,0.3
3/19/2020,Ivory Coast,9,0,1,0,0.3
3/20/2020,Ivory Coast,14,0,1,0,0.3
3/21/2020,Ivory Coast,14,0,1,0,0.5
3/22/2020,Ivory Coast,14,0,1,0,0.5
3/17/20,Jamaica,15,1,2,0,4
3/18/20,Jamaica,15,1,2,0,5
3/18/20,Jamaica,15,1,2,0,5
3/19/2020,Jamaica,19,1,2,0,5
3/20/2020,Jamaica,19,1,2,0,6
3/21/2020,Jamaica,19,1,2,0,6
3/22/2020,Jamaica,19,1,2,0,6
3/17/20,Japan,914,29,144,41,7
3/18/20,Japan,943,33,191,46,7
3/18/20,Japan,943,33,191,46,7
3/19/2020,Japan,1007,35,191,46,7
3/20/2020,Japan,1054,36,215,50,8
3/21/2020,Japan,1054,36,215,55,8
3/22/2020,Japan,1086,36,235,57,9
3/17/20,Jordan,56,0,1,0,5
3/18/20,Jordan,69,0,1,0,5
3/18/20,Jordan,69,0,1,0,5
3/19/2020,Jordan,85,0,1,0,7
3/20/2020,Jordan,100,0,1,0,8
3/21/2020,Jordan,100,0,1,0,10
3/22/2020,Jordan,100,0,1,0,10
3/17/20,Kazakhstan,36,0,0,0,2
3/18/20,Kazakhstan,44,3,0,0,2
3/18/20,Kazakhstan,44,3,0,0,2
3/19/2020,Kazakhstan,52,0,0,0,2
3/20/2020,Kazakhstan,54,0,0,0,3
3/21/2020,Kazakhstan,54,0,0,0,3
3/22/2020,Kazakhstan,59,0,0,0,3
3/17/20,Kenya,7,0,0,0,0.07
3/18/20,Kenya,7,0,0,0,0.1
3/18/20,Kenya,7,0,0,0,0.1
3/19/2020,Kenya,7,0,0,0,0.1
3/20/2020,Kenya,7,0,0,0,0.1
3/21/2020,Kenya,7,0,0,0,0.1
3/22/2020,Kenya,15,0,0,0,0.3
3/17/20,Kuwait,142,0,12,4,30
3/18/20,Kuwait,148,0,15,4,33
3/18/20,Kuwait,148,0,15,4,33
3/19/2020,Kuwait,159,0,18,5,35
3/20/2020,Kuwait,176,0,22,5,37
3/21/2020,Kuwait,176,0,27,5,41
3/22/2020,Kuwait,188,0,27,5,44
3/18/20,Kyrgyzstan,3,0,0,0,0.5
3/18/20,Kyrgyzstan,3,0,0,0,0.5
3/19/2020,Kyrgyzstan,6,0,0,0,0.5
3/20/2020,Kyrgyzstan,14,0,0,0,0.9
3/21/2020,Kyrgyzstan,14,0,0,0,2
3/22/2020,Kyrgyzstan,14,0,0,0,2
3/17/20,Latvia,71,0,1,0,32
3/18/20,Latvia,86,0,1,0,38
3/18/20,Latvia,86,0,1,0,38
3/19/2020,Latvia,111,0,1,0,46
3/20/2020,Latvia,124,0,1,0,59
3/21/2020,Latvia,124,0,1,0,66
3/22/2020,Latvia,139,0,1,0,74
3/17/20,Lebanon,133,4,4,3,18
3/18/20,Lebanon,157,4,4,3,19
3/18/20,Lebanon,157,4,4,3,19
3/19/2020,Lebanon,177,4,4,3,23
3/20/2020,Lebanon,230,4,4,3,26
3/21/2020,Lebanon,230,4,8,4,34
3/22/2020,Lebanon,248,4,8,4,36
3/17/20,Liberia,2,0,0,0,0.4
3/18/20,Liberia,2,0,0,0,0.4
3/18/20,Liberia,2,0,0,0,0.4
3/19/2020,Liberia,2,0,0,0,0.4
3/20/2020,Liberia,3,0,0,0,0.4
3/21/2020,Liberia,3,0,0,0,0.6
3/22/2020,Liberia,3,0,0,0,0.6
3/17/20,Liechtenstein,28,0,0,0,498
3/18/20,Liechtenstein,28,0,0,0,734
3/18/20,Liechtenstein,28,0,0,0,734
3/19/2020,Liechtenstein,28,0,0,0,734
3/20/2020,Liechtenstein,37,0,0,0,734
3/21/2020,Liechtenstein,37,0,0,0,970
3/22/2020,Liechtenstein,37,0,0,0,970
3/17/20,Lithuania,34,0,1,1,10
3/18/20,Lithuania,48,0,1,1,12
3/18/20,Lithuania,48,0,1,1,12
3/19/2020,Lithuania,63,0,1,1,18
3/20/2020,Lithuania,99,1,1,1,23
3/21/2020,Lithuania,99,1,1,1,36
3/22/2020,Lithuania,129,1,1,1,47
3/17/20,Luxembourg,203,2,0,1,224
3/18/20,Luxembourg,335,4,0,1,324
3/18/20,Luxembourg,335,4,0,1,324
3/19/2020,Luxembourg,484,5,6,1,535
3/20/2020,Luxembourg,670,8,6,1,773
3/21/2020,Luxembourg,670,8,6,3,1070
3/22/2020,Luxembourg,798,8,6,3,1275
3/17/20,Macao,17,0,10,0,20
3/18/20,Macao,17,0,10,0,26
3/18/20,Macao,17,0,10,0,26
3/19/2020,Macao,17,0,10,0,26
3/20/2020,Macao,19,0,10,0,26
3/21/2020,Macao,19,0,10,0,29
3/22/2020,Macao,22,0,10,0,34
3/20/2020,Madagascar,3,0,0,0,0.1
3/21/2020,Madagascar,3,0,0,0,0.1
3/22/2020,Madagascar,3,0,0,0,0.1
3/17/20,Malaysia,790,2,49,10,21
3/18/20,Malaysia,900,2,60,15,24
3/18/20,Malaysia,900,2,60,15,24
3/19/2020,Malaysia,1030,3,75,15,28
3/20/2020,Malaysia,1183,8,87,26,32
3/21/2020,Malaysia,1183,8,114,26,37
3/22/2020,Malaysia,1306,10,139,26,40
3/17/20,Maldives,13,0,0,0,24
3/18/20,Maldives,13,0,0,0,24
3/18/20,Maldives,13,0,0,0,24
3/19/2020,Maldives,13,0,0,0,24
3/20/2020,Maldives,13,0,2,0,24
3/21/2020,Maldives,13,0,3,0,24
3/22/2020,Maldives,13,0,3,0,24
3/17/20,Malta,48,0,2,0,86
3/18/20,Malta,53,0,2,0,109
3/18/20,Malta,53,0,2,0,109
3/19/2020,Malta,64,0,2,0,120
3/20/2020,Malta,73,0,2,1,145
3/21/2020,Malta,73,0,2,1,165
3/22/2020,Malta,90,0,2,1,204
3/17/20,Martinique,23,1,0,0,40
3/18/20,Martinique,23,1,0,0,61
3/18/20,Martinique,23,1,0,0,61
3/19/2020,Martinique,32,1,0,0,61
3/20/2020,Martinique,37,1,0,7,85
3/21/2020,Martinique,37,1,0,7,99
3/22/2020,Martinique,37,1,0,7,99
3/17/20,Mauritania,2,0,0,0,0.2
3/18/20,Mauritania,2,0,0,0,0.4
3/18/20,Mauritania,2,0,0,0,0.4
3/19/2020,Mauritania,2,0,0,0,0.4
3/20/2020,Mauritania,2,0,0,0,0.4
3/21/2020,Mauritania,2,0,0,0,0.4
3/22/2020,Mauritania,2,0,0,0,0.4
3/18/20,Mauritius,7,0,0,0,2
3/18/20,Mauritius,7,0,0,0,2
3/19/2020,Mauritius,12,0,0,0,6
3/20/2020,Mauritius,14,1,0,0,9
3/21/2020,Mauritius,14,1,0,0,11
3/22/2020,Mauritius,24,2,0,1,19
3/17/20,Mayotte,3,0,0,0,11
3/18/20,Mayotte,4,0,0,0,11
3/18/20,Mayotte,4,0,0,0,11
3/19/2020,Mayotte,7,0,0,0,15
3/20/2020,Mayotte,11,0,0,0,26
3/21/2020,Mayotte,11,0,0,0,40
3/22/2020,Mayotte,11,0,0,0,40
3/17/20,Mexico,93,0,4,1,0.6
3/18/20,Mexico,118,1,4,1,0.9
3/18/20,Mexico,118,1,4,1,0.9
3/19/2020,Mexico,164,1,4,1,1
3/20/2020,Mexico,203,2,4,1,1
3/21/2020,Mexico,203,2,4,1,2
3/22/2020,Mexico,251,2,4,1,2
3/17/20,Moldova,36,1,1,1,7
3/18/20,Moldova,49,1,1,2,9
3/18/20,Moldova,49,1,1,2,9
3/19/2020,Moldova,66,1,1,3,12
3/20/2020,Moldova,80,1,1,3,16
3/21/2020,Moldova,80,1,1,3,20
3/22/2020,Moldova,94,1,1,3,23
3/17/20,Monaco,9,0,0,0,229
3/18/20,Monaco,10,0,0,0,229
3/18/20,Monaco,10,0,0,0,229
3/19/2020,Monaco,11,0,0,0,255
3/20/2020,Monaco,18,0,0,0,280
3/21/2020,Monaco,18,0,1,0,459
3/22/2020,Monaco,18,0,1,0,459
3/17/20,Mongolia,6,0,0,0,2
3/18/20,Mongolia,6,0,0,0,2
3/18/20,Mongolia,6,0,0,0,2
3/19/2020,Mongolia,6,0,0,0,2
3/20/2020,Mongolia,10,0,0,0,2
3/21/2020,Mongolia,10,0,0,0,3
3/22/2020,Mongolia,10,0,0,0,3
3/17/20,Montenegro,8,0,0,0,3
3/18/20,Montenegro,13,0,0,0,13
3/18/20,Montenegro,13,0,0,0,13
3/19/2020,Montenegro,14,0,0,0,21
3/20/2020,Montenegro,16,0,0,0,22
3/21/2020,Montenegro,16,0,0,0,25
3/22/2020,Montenegro,16,0,0,0,25
3/18/20,Montserrat,1,0,0,0,200
3/18/20,Montserrat,1,0,0,0,200
3/19/2020,Montserrat,1,0,0,0,200
3/20/2020,Montserrat,1,0,0,0,200
3/21/2020,Montserrat,1,0,0,0,200
3/22/2020,Montserrat,1,0,0,0,200
3/17/20,Morocco,54,2,1,1,1
3/18/20,Morocco,63,2,1,1,1
3/18/20,Morocco,63,2,1,1,1
3/19/2020,Morocco,86,3,2,1,2
3/20/2020,Morocco,96,3,2,1,2
3/21/2020,Morocco,96,3,3,1,3
3/22/2020,Morocco,109,3,3,1,3
3/22/2020,Mozambique,1,0,0,0,0.03
3/17/20,Namibia,2,0,0,0,0.8
3/18/20,Namibia,3,0,0,0,0.8
3/18/20,Namibia,3,0,0,0,0.8
3/19/2020,Namibia,3,0,0,0,1
3/20/2020,Namibia,3,0,0,0,1
3/21/2020,Namibia,3,0,0,0,1
3/22/2020,Namibia,3,0,0,0,1
3/17/20,Nepal,1,0,1,0,0.03
3/18/20,Nepal,1,0,1,0,0.03
3/18/20,Nepal,1,0,1,0,0.03
3/19/2020,Nepal,1,0,1,0,0.03
3/20/2020,Nepal,1,0,1,0,0.03
3/21/2020,Nepal,1,0,1,0,0.03
3/22/2020,Nepal,1,0,1,0,0.03
3/17/20,Netherlands,2051,58,2,45,100
3/18/20,Netherlands,2460,76,2,45,120
3/18/20,Netherlands,2460,76,2,45,120
3/19/2020,Netherlands,2994,106,2,45,144
3/20/2020,Netherlands,3631,136,2,210,175
3/21/2020,Netherlands,3631,136,2,354,212
3/22/2020,Netherlands,4204,179,2,354,245
3/18/20,New Caledonia,2,0,0,0,7
3/18/20,New Caledonia,2,0,0,0,7
3/19/2020,New Caledonia,2,0,0,0,7
3/20/2020,New Caledonia,4,0,0,0,7
3/21/2020,New Caledonia,4,0,0,0,14
3/22/2020,New Caledonia,4,0,0,0,14
3/17/20,New Zealand,20,0,0,0,4
3/18/20,New Zealand,28,0,0,0,6
3/18/20,New Zealand,28,0,0,0,6
3/19/2020,New Zealand,52,0,0,0,8
3/20/2020,New Zealand,52,0,0,0,11
3/21/2020,New Zealand,52,0,0,0,14
3/22/2020,New Zealand,66,0,0,0,14
3/18/20,Nicaragua,1,0,0,0,0.2
3/18/20,Nicaragua,1,0,0,0,0.2
3/19/2020,Nicaragua,2,0,0,0,0.2
3/20/2020,Nicaragua,2,0,0,0,0.3
3/21/2020,Nicaragua,2,0,0,0,0.3
3/22/2020,Nicaragua,2,0,0,0,0.3
3/19/2020,Niger,1,0,0,0,0.04
3/20/2020,Niger,1,0,0,0,0.04
3/21/2020,Niger,1,0,0,0,0.04
3/22/2020,Niger,2,0,0,0,0.08
3/17/20,Nigeria,8,0,1,0,0.01
3/18/20,Nigeria,12,0,1,0,0.04
3/18/20,Nigeria,12,0,1,0,0.04
3/19/2020,Nigeria,12,0,1,0,0.06
3/20/2020,Nigeria,22,0,1,0,0.06
3/21/2020,Nigeria,22,0,1,0,0.1
3/22/2020,Nigeria,27,0,2,0,0.1
3/17/20,North Macedonia,43,0,1,1,15
3/18/20,North Macedonia,50,0,1,1,21
3/18/20,North Macedonia,50,0,1,1,21
3/19/2020,North Macedonia,76,0,1,1,24
3/20/2020,North Macedonia,85,0,1,1,36
3/21/2020,North Macedonia,85,0,1,1,41
3/22/2020,North Macedonia,115,1,1,1,55
3/17/20,Norway,1591,6,1,27,271
3/18/20,Norway,1790,7,1,27,293
3/18/20,Norway,1790,7,1,27,293
3/19/2020,Norway,1959,7,1,27,330
3/20/2020,Norway,2164,7,1,27,361
3/21/2020,Norway,2164,7,6,28,399
3/22/2020,Norway,2263,7,6,28,417
3/17/20,Oman,39,0,12,0,6
3/18/20,Oman,48,0,13,0,8
3/18/20,Oman,48,0,13,0,8
3/19/2020,Oman,48,0,13,0,9
3/20/2020,Oman,52,0,13,0,9
3/21/2020,Oman,52,0,13,0,10
3/22/2020,Oman,55,0,17,0,11
3/17/20,Pakistan,307,2,2,0,1
3/18/20,Pakistan,454,2,13,0,1
3/18/20,Pakistan,454,2,13,0,1
3/19/2020,Pakistan,501,3,13,0,2
3/20/2020,Pakistan,645,3,13,0,2
3/21/2020,Pakistan,645,3,13,0,3
3/22/2020,Pakistan,646,3,13,0,3
3/17/20,Palestine,44,0,0,0,9
3/18/20,Palestine,47,0,0,0,9
3/18/20,Palestine,47,0,0,0,9
3/19/2020,Palestine,48,0,0,0,9
3/20/2020,Palestine,53,0,17,0,9
3/21/2020,Palestine,53,0,17,0,10
3/22/2020,Palestine,59,0,17,0,12
3/17/20,Panama,109,1,0,7,16
3/18/20,Panama,137,1,0,7,25
3/18/20,Panama,137,1,0,7,25
3/19/2020,Panama,200,1,1,7,32
3/20/2020,Panama,245,3,1,7,46
3/21/2020,Panama,245,3,1,7,57
3/22/2020,Panama,245,3,1,7,57
3/20/2020,Papua New Guinea,1,0,0,0,0.1
3/21/2020,Papua New Guinea,1,0,0,0,0.1
3/22/2020,Papua New Guinea,1,0,0,0,0.1
3/17/20,Paraguay,11,0,0,1,1
3/18/20,Paraguay,13,0,0,1,2
3/18/20,Paraguay,13,0,0,1,2
3/19/2020,Paraguay,18,0,0,1,2
3/20/2020,Paraguay,22,1,0,1,3
3/21/2020,Paraguay,22,1,0,1,3
3/22/2020,Paraguay,22,1,0,1,3
3/17/20,Peru,145,0,1,8,4
3/18/20,Peru,234,1,1,8,4
3/18/20,Peru,234,1,1,8,4
3/19/2020,Peru,263,4,1,7,7
3/20/2020,Peru,318,5,1,5,8
3/21/2020,Peru,318,5,1,5,10
3/22/2020,Peru,318,5,1,5,10
3/17/20,Philippines,202,17,4,1,2
3/18/20,Philippines,217,17,7,1,2
3/18/20,Philippines,217,17,7,1,2
3/19/2020,Philippines,230,18,8,1,2
3/20/2020,Philippines,307,19,8,1,2
3/21/2020,Philippines,307,19,15,1,3
3/22/2020,Philippines,380,25,15,1,3
3/17/20,Poland,287,5,1,3,6
3/18/20,Poland,355,5,13,3,8
3/18/20,Poland,355,5,13,3,8
3/19/2020,Poland,425,5,13,3,9
3/20/2020,Poland,536,5,13,3,11
3/21/2020,Poland,536,5,13,3,14
3/22/2020,Poland,563,7,13,3,15
3/17/20,Portugal,642,2,3,18,44
3/18/20,Portugal,786,4,4,18,63
3/18/20,Portugal,786,4,4,18,63
3/19/2020,Portugal,1020,6,4,20,77
3/20/2020,Portugal,1280,12,5,26,100
3/21/2020,Portugal,1280,12,5,26,126
3/22/2020,Portugal,1600,14,5,26,157
3/17/20,Puerto Rico,6,0,0,0,2
3/18/20,Puerto Rico,6,0,0,0,2
3/18/20,Puerto Rico,6,0,0,0,2
3/19/2020,Puerto Rico,14,0,0,0,2
3/20/2020,Puerto Rico,21,1,0,0,5
3/21/2020,Puerto Rico,21,1,0,0,7
3/22/2020,Puerto Rico,23,1,0,0,8
3/17/20,Qatar,452,0,4,0,153
3/18/20,Qatar,460,0,4,0,157
3/18/20,Qatar,460,0,4,0,157
3/19/2020,Qatar,470,0,10,6,160
3/20/2020,Qatar,481,0,10,6,163
3/21/2020,Qatar,481,0,27,6,167
3/22/2020,Qatar,481,0,27,6,167
3/17/20,Réunion,14,0,0,0,10
3/18/20,Réunion,28,0,0,0,16
3/18/20,Réunion,28,0,0,0,16
3/19/2020,Réunion,38,0,0,0,31
3/20/2020,Réunion,47,0,0,0,42
3/21/2020,Réunion,47,0,0,0,52
3/22/2020,Réunion,47,0,1,0,52
3/17/20,Romania,260,0,19,5,11
3/18/20,Romania,277,0,19,5,14
3/18/20,Romania,277,0,19,5,14
3/19/2020,Romania,308,0,25,5,14
3/20/2020,Romania,367,0,31,11,16
3/21/2020,Romania,367,0,52,14,19
3/22/2020,Romania,433,2,64,14,23
3/17/20,Russia,147,0,8,0,0.8
3/18/20,Russia,199,1,8,0,1
3/18/20,Russia,199,1,8,0,1
3/19/2020,Russia,253,1,8,0,1
3/20/2020,Russia,306,1,12,0,2
3/21/2020,Russia,306,1,16,0,2
3/22/2020,Russia,367,1,16,0,3
3/17/20,Rwanda,11,0,0,0,0.5
3/18/20,Rwanda,11,0,0,0,0.8
3/18/20,Rwanda,11,0,0,0,0.8
3/19/2020,Rwanda,17,0,0,0,0.8
3/20/2020,Rwanda,17,0,0,0,1
3/21/2020,Rwanda,17,0,0,0,1
3/22/2020,Rwanda,17,0,0,0,1
3/17/20,S. Korea,8413,84,1540,59,164
3/18/20,S. Korea,8565,91,1947,59,167
3/18/20,S. Korea,8565,91,1947,59,167
3/19/2020,S. Korea,8652,94,2233,59,169
3/20/2020,S. Korea,8799,102,2612,59,172
3/21/2020,S. Korea,8799,102,2909,59,174
3/22/2020,S. Korea,8897,104,2909,59,174
3/17/20,Saint Lucia,2,0,0,0,11
3/18/20,Saint Lucia,2,0,0,0,11
3/18/20,Saint Lucia,2,0,0,0,11
3/19/2020,Saint Lucia,2,0,0,0,11
3/20/2020,Saint Lucia,2,0,0,0,11
3/21/2020,Saint Lucia,2,0,0,0,11
3/22/2020,Saint Lucia,2,0,0,0,11
3/17/20,Saint Martin,3,0,0,0,52
3/18/20,Saint Martin,3,0,0,0,78
3/18/20,Saint Martin,3,0,0,0,78
3/19/2020,Saint Martin,4,0,0,0,78
3/20/2020,Saint Martin,5,0,0,0,103
3/21/2020,Saint Martin,5,0,0,0,129
3/22/2020,Saint Martin,5,0,0,0,129
3/17/20,San Marino,140,14,4,11,3507
3/18/20,San Marino,144,14,4,11,4126
3/18/20,San Marino,144,14,4,11,4126
3/19/2020,San Marino,151,14,4,12,4244
3/20/2020,San Marino,160,20,4,12,4450
3/21/2020,San Marino,160,20,4,12,4715
3/22/2020,San Marino,175,20,4,13,5158
3/17/20,Saudi Arabia,238,0,6,0,5
3/18/20,Saudi Arabia,274,0,6,0,7
3/18/20,Saudi Arabia,274,0,6,0,7
3/19/2020,Saudi Arabia,344,0,8,0,8
3/20/2020,Saudi Arabia,392,0,8,0,10
3/21/2020,Saudi Arabia,392,0,16,0,11
3/22/2020,Saudi Arabia,511,0,17,0,15
3/17/20,Senegal,36,0,2,0,2
3/18/20,Senegal,36,0,2,0,2
3/18/20,Senegal,36,0,2,0,2
3/19/2020,Senegal,47,0,2,0,2
3/20/2020,Senegal,56,0,5,0,3
3/21/2020,Senegal,56,0,5,0,3
3/22/2020,Senegal,56,0,5,0,3
3/17/20,Serbia,89,0,1,4,8
3/18/20,Serbia,103,0,1,4,10
3/18/20,Serbia,103,0,1,4,10
3/19/2020,Serbia,135,1,1,4,12
3/20/2020,Serbia,171,1,2,4,15
3/21/2020,Serbia,171,1,2,4,20
3/22/2020,Serbia,188,2,2,4,22
3/17/20,Seychelles,6,0,0,0,41
3/18/20,Seychelles,6,0,0,0,61
3/18/20,Seychelles,6,0,0,0,61
3/19/2020,Seychelles,7,0,0,0,61
3/20/2020,Seychelles,7,0,0,0,71
3/21/2020,Seychelles,7,0,0,0,71
3/22/2020,Seychelles,7,0,0,0,71
3/17/20,Singapore,313,0,114,14,45
3/18/20,Singapore,345,0,117,14,54
3/18/20,Singapore,345,0,117,14,54
3/19/2020,Singapore,385,0,124,14,59
3/20/2020,Singapore,432,2,131,14,66
3/21/2020,Singapore,432,2,140,14,74
3/22/2020,Singapore,455,2,144,14,78
3/18/20,Sint Maarten,1,0,0,0,23
3/18/20,Sint Maarten,1,0,0,0,23
3/19/2020,Sint Maarten,1,0,0,0,23
3/20/2020,Sint Maarten,1,0,0,0,23
3/21/2020,Sint Maarten,1,0,0,0,23
3/22/2020,Sint Maarten,1,0,0,0,23
3/17/20,Slovakia,105,0,0,2,18
3/18/20,Slovakia,124,0,0,2,19
3/18/20,Slovakia,124,0,0,2,19
3/19/2020,Slovakia,137,0,0,2,23
3/20/2020,Slovakia,178,0,0,2,25
3/21/2020,Slovakia,178,0,7,2,33
3/22/2020,Slovakia,178,0,7,2,33
3/17/20,Slovenia,286,1,0,4,132
3/18/20,Slovenia,319,1,0,6,138
3/18/20,Slovenia,319,1,0,6,138
3/19/2020,Slovenia,341,1,0,6,153
3/20/2020,Slovenia,383,1,0,9,164
3/21/2020,Slovenia,383,1,0,12,184
3/22/2020,Slovenia,414,2,0,12,199
3/17/20,Somalia,1,0,0,0,0.06
3/18/20,Somalia,1,0,0,0,0.06
3/18/20,Somalia,1,0,0,0,0.06
3/19/2020,Somalia,1,0,0,0,0.06
3/20/2020,Somalia,1,0,0,0,0.06
3/21/2020,Somalia,1,0,0,0,0.06
3/22/2020,Somalia,1,0,0,0,0.06
3/17/20,South Africa,116,0,0,0,1
3/18/20,South Africa,150,0,0,0,2
3/18/20,South Africa,150,0,0,0,2
3/19/2020,South Africa,202,0,0,0,3
3/20/2020,South Africa,240,0,0,0,3
3/21/2020,South Africa,240,0,2,0,4
3/22/2020,South Africa,240,0,2,0,4
3/17/20,Spain,14769,638,1028,563,253
3/18/20,Spain,18077,831,1081,800,316
3/18/20,Spain,18077,831,1081,800,316
3/19/2020,Spain,21571,1093,1107,939,387
3/20/2020,Spain,25496,1378,1588,939,461
3/21/2020,Spain,25496,1381,2125,1612,545
3/22/2020,Spain,28603,1756,2125,1785,612
3/17/20,Sri Lanka,51,0,1,0,2
3/18/20,Sri Lanka,60,0,3,0,2
3/18/20,Sri Lanka,60,0,3,0,2
3/19/2020,Sri Lanka,73,0,3,0,3
3/20/2020,Sri Lanka,77,0,3,0,3
3/21/2020,Sri Lanka,77,0,3,2,4
3/22/2020,Sri Lanka,82,0,3,2,4
3/17/20,St. Barth,3,0,0,0,304
3/18/20,St. Barth,3,0,0,0,304
3/18/20,St. Barth,3,0,0,0,304
3/19/2020,St. Barth,3,0,0,0,304
3/20/2020,St. Barth,3,0,0,0,304
3/21/2020,St. Barth,3,0,0,0,304
3/22/2020,St. Barth,3,0,0,0,304
3/17/20,St. Vincent Grenadines,1,0,0,0,9
3/18/20,St. Vincent Grenadines,1,0,0,0,9
3/18/20,St. Vincent Grenadines,1,0,0,0,9
3/19/2020,St. Vincent Grenadines,1,0,0,0,9
3/20/2020,St. Vincent Grenadines,1,0,0,0,9
3/21/2020,St. Vincent Grenadines,1,0,0,0,9
3/22/2020,St. Vincent Grenadines,1,0,0,0,9
3/17/20,Sudan,2,1,0,0,0.02
3/18/20,Sudan,2,1,0,0,0.05
3/18/20,Sudan,2,1,0,0,0.05
3/19/2020,Sudan,2,1,0,0,0.05
3/20/2020,Sudan,2,1,0,0,0.05
3/21/2020,Sudan,2,1,0,0,0.05
3/22/2020,Sudan,2,1,0,0,0.05
3/17/20,Suriname,1,0,0,0,2
3/18/20,Suriname,1,0,0,0,2
3/18/20,Suriname,1,0,0,0,2
3/19/2020,Suriname,4,0,0,0,2
3/20/2020,Suriname,5,0,0,0,7
3/21/2020,Suriname,5,0,0,0,9
3/22/2020,Suriname,5,0,0,0,9
3/17/20,Sweden,1301,10,1,12,118
3/18/20,Sweden,1439,11,15,12,129
3/18/20,Sweden,1439,11,15,12,129
3/19/2020,Sweden,1639,16,16,21,142
3/20/2020,Sweden,1770,20,16,21,162
3/21/2020,Sweden,1770,20,16,71,175
3/22/2020,Sweden,1931,21,16,68,191
3/17/20,Switzerland,3115,33,15,0,317
3/18/20,Switzerland,4222,43,15,0,360
3/18/20,Switzerland,4222,43,15,0,360
3/19/2020,Switzerland,5615,56,15,0,488
3/20/2020,Switzerland,6863,80,15,141,649
3/21/2020,Switzerland,6863,80,131,141,793
3/22/2020,Switzerland,7230,85,131,141,835
3/17/20,Taiwan,100,1,20,0,3
3/18/20,Taiwan,108,1,22,0,4
3/18/20,Taiwan,108,1,22,0,4
3/19/2020,Taiwan,135,2,26,0,5
3/20/2020,Taiwan,153,2,28,0,6
3/21/2020,Taiwan,153,2,28,0,6
3/22/2020,Taiwan,169,2,28,0,7
3/17/20,Tanzania,3,0,0,0,0.02
3/18/20,Tanzania,6,0,0,0,0.05
3/18/20,Tanzania,6,0,0,0,0.05
3/19/2020,Tanzania,6,0,0,0,0.1
3/20/2020,Tanzania,6,0,0,0,0.1
3/21/2020,Tanzania,6,0,0,0,0.1
3/22/2020,Tanzania,12,0,0,0,0.2
3/17/20,Thailand,212,1,41,1,3
3/18/20,Thailand,272,1,42,1,3
3/18/20,Thailand,272,1,42,1,3
3/19/2020,Thailand,322,1,42,1,4
3/20/2020,Thailand,411,1,42,1,5
3/21/2020,Thailand,411,1,44,7,6
3/22/2020,Thailand,599,1,44,7,9
3/21/2020,Timor-Leste,1,0,0,0,0.8
3/22/2020,Timor-Leste,1,0,0,0,0.8
3/17/20,Togo,1,0,0,0,0.1
3/18/20,Togo,1,0,0,0,0.1
3/18/20,Togo,1,0,0,0,0.1
3/19/2020,Togo,9,0,0,0,0.1
3/20/2020,Togo,16,0,0,0,1
3/21/2020,Togo,16,0,0,0,2
3/22/2020,Togo,16,0,0,0,2
3/17/20,Trinidad and Tobago,7,0,0,0,4
3/18/20,Trinidad and Tobago,9,0,0,0,5
3/18/20,Trinidad and Tobago,9,0,0,0,5
3/19/2020,Trinidad and Tobago,9,0,0,0,6
3/20/2020,Trinidad and Tobago,49,0,0,0,6
3/21/2020,Trinidad and Tobago,49,0,0,0,35
3/22/2020,Trinidad and Tobago,50,0,0,0,36
3/17/20,Tunisia,29,0,1,2,2
3/18/20,Tunisia,39,1,1,2,2
3/18/20,Tunisia,39,1,1,2,2
3/19/2020,Tunisia,54,1,1,2,3
3/20/2020,Tunisia,60,1,1,7,5
3/21/2020,Tunisia,60,1,1,7,5
3/22/2020,Tunisia,75,3,1,7,6
3/17/20,Turkey,191,2,0,0,1
3/18/20,Turkey,359,4,0,0,2
3/18/20,Turkey,359,4,0,0,2
3/19/2020,Turkey,670,9,0,0,4
3/20/2020,Turkey,947,21,0,0,8
3/21/2020,Turkey,947,21,0,0,11
3/22/2020,Turkey,947,21,0,0,11
3/17/20,U.S. Virgin Islands,2,0,0,0,19
3/18/20,U.S. Virgin Islands,3,0,0,0,19
3/18/20,U.S. Virgin Islands,3,0,0,0,19
3/19/2020,U.S. Virgin Islands,3,0,0,0,29
3/20/2020,U.S. Virgin Islands,6,0,0,0,29
3/21/2020,U.S. Virgin Islands,6,0,0,0,57
3/22/2020,U.S. Virgin Islands,6,0,0,0,57
3/17/20,UAE,113,0,26,2,11
3/18/20,UAE,140,0,26,2,11
3/18/20,UAE,140,0,26,2,11
3/19/2020,UAE,140,2,31,2,14
3/20/2020,UAE,153,2,31,2,14
3/21/2020,UAE,153,2,38,2,15
3/22/2020,UAE,153,2,38,2,15
3/21/2020,Uganda,1,0,0,0,0.02
3/22/2020,Uganda,1,0,0,0,0.02
3/17/20,UK,2626,104,65,20,29
3/18/20,UK,3269,144,65,20,39
3/18/20,UK,3269,144,65,20,39
3/19/2020,UK,3983,177,65,20,48
3/20/2020,UK,5018,233,65,20,59
3/21/2020,UK,5018,233,93,20,74
3/22/2020,UK,5018,244,93,20,74
3/17/20,Ukraine,16,2,0,0,0.3
3/18/20,Ukraine,26,3,0,0,0.4
3/18/20,Ukraine,26,3,0,0,0.4
3/19/2020,Ukraine,41,3,0,0,0.6
3/20/2020,Ukraine,47,3,1,0,0.9
3/21/2020,Ukraine,47,3,1,0,1
3/22/2020,Ukraine,47,3,1,0,1
3/17/20,Uruguay,79,0,0,0,14
3/18/20,Uruguay,79,0,0,0,23
3/18/20,Uruguay,79,0,0,0,23
3/19/2020,Uruguay,110,0,0,0,27
3/20/2020,Uruguay,110,0,0,0,32
3/21/2020,Uruguay,110,0,0,2,39
3/22/2020,Uruguay,135,0,0,2,39
3/17/20,USA,9259,150,106,12,20
3/18/20,USA,13789,208,108,64,29
3/18/20,USA,13789,208,108,64,29
3/19/2020,USA,19383,256,121,64,43
3/20/2020,USA,24207,302,147,64,59
3/21/2020,USA,24207,302,178,64,81
3/22/2020,USA,30291,388,178,708,92
3/17/20,Uzbekistan,18,0,0,0,0.3
3/18/20,Uzbekistan,23,0,0,0,0.5
3/18/20,Uzbekistan,23,0,0,0,0.5
3/19/2020,Uzbekistan,33,0,0,0,0.7
3/20/2020,Uzbekistan,41,0,0,0,1
3/21/2020,Uzbekistan,41,0,0,0,1
3/22/2020,Uzbekistan,43,0,0,0,1
3/17/20,Vatican City,1,0,0,0,1248
3/18/20,Vatican City,1,0,0,0,1248
3/18/20,Vatican City,1,0,0,0,1248
3/19/2020,Vatican City,1,0,0,0,1248
3/20/2020,Vatican City,1,0,0,0,1248
3/21/2020,Vatican City,1,0,0,0,1248
3/22/2020,Vatican City,1,0,0,0,1248
3/17/20,Venezuela,36,0,0,0,1
3/18/20,Venezuela,42,0,0,0,1
3/18/20,Venezuela,42,0,0,0,1
3/19/2020,Venezuela,65,0,0,0,1
3/20/2020,Venezuela,70,0,1,0,2
3/21/2020,Venezuela,70,0,15,2,2
3/22/2020,Venezuela,70,0,15,2,2
3/17/20,Vietnam,76,0,16,0,0.7
3/18/20,Vietnam,85,0,16,0,0.8
3/18/20,Vietnam,85,0,16,0,0.8
3/19/2020,Vietnam,91,0,16,0,0.9
3/20/2020,Vietnam,94,0,17,0,0.9
3/21/2020,Vietnam,94,0,17,2,1
3/22/2020,Vietnam,113,0,17,2,1
3/18/20,Zambia,2,0,0,0,0.1
3/18/20,Zambia,2,0,0,0,0.1
3/19/2020,Zambia,2,0,0,0,0.1
3/20/2020,Zambia,2,0,0,0,0.1
3/21/2020,Zambia,2,0,0,0,0.1
3/22/2020,Zambia,3,0,0,0,0.2
3/20/2020,Zimbabwe,3,0,0,0,0.07
3/21/2020,Zimbabwe,3,0,0,0,0.2
3/22/2020,Zimbabwe,3,0,0,0,0.2
